('bản màu vàng còn hàng ở q9 tphcm ko shop', {'entities': [(4, 12, 'COLOR'), (24, 32, 'LOCATION')]})
('còn đang giảm giá không shop ơi', {'entities': [(4, 17, 'IS_SALE_OFF')]})
('iphone x giá nhiêu nhỉ?', {'entities': [(0, 8, 'PHONE_NAME')]})
('iphone x bản 64gb vàng đốm giờ giá nhiêu vậy?', {'entities': [(0, 8, 'PHONE'), (13, 15, 'ROM'), (18, 22, 'COLOR')]})
('giảm giá 1tr4 là còn 3tr6 phải không bạn', {'entities': [(0, 25, 'IS_PRICE_AFTER_SALE_OFF_PRICE')]})
('ở thái nguyên giá ss8+ giờ nhiêu', {'entities': [(2, 13, 'LOCATION'), (18, 22, 'PHONE')]})
('mình muốn mua iphone x hàng nhập khẩu từ mỹ giá nhiêu', {'entities': [(14, 22, 'PHONE'), (41, 43, 'LOCATION'), (23, 37, 'IS_PHONE_FROM')]})
('bản 64gb mắc hơn 32gb nhiêu', {'entities': [(9, 16, 'IS_COMPARE'), (4, 6, 'ROM'), (17, 19, 'ROM')]})
('giá 22tr2 là tính thuế vat 10% chưa shop', {'entities': [(4, 9, 'MONEY'), (27, 30, 'TAX'), (18, 26, 'IS_INCLUDE_TAX')]})
('tính thuế nữa là giá nhiêu vậy bạn', {'entities': [(0, 13, 'IF_INCLUDE_TAX')]})
('mua ss9+ có được tặng kèm gì ko shop', {'entities': [(4, 8, 'PHONE'), (17, 25, 'SALE_OFF_GIFF')]})
('iphone 7 có đang khuyến mãi ko?', {'entities': [(0, 8, 'PHONE'), (12, 30, 'IS_SALE_OFF_INSTALLMENT')]})
('ủa giờ còn giảm giá 1tr không', {'entities': [(11, 29, 'IS_SALE_OFF_NOW')]})
('mình mua trả góp vậy có được giảm 2tr không', {'entities': [(29, 43, 'IS_SALE_OFF_INSTALLMENT')]})
('khi nào hết chương trình giảm giá sốc với đồ tặng kèm cho con này vậy bạn', {'entities': [(0, 24, 'WHEN_END_SALE_OFF')]})
('máy này sử dụng cục sạc mấy chấu thế', {'entities': [(20, 32, 'WHAT_CHARGER')]})
('sạc thường mấy tiếng mới đầy pin vậy', {'entities': [(0, 20, 'HOW_LONG_CHARGER')]})
('pin xài bao lâu tiếng vậy', {'entities': [(0, 15, 'HOW_LONG_PIN')]})
('iphone x pin xài bao lâu?', {'entities': [(0, 8, 'PHONE'), (9, 24, 'HOW_LONG_PIN')]})
('pin iphone x xài bao lâu?', {'entities': [(0, 24, 'HOW_LONG_PIN')]})
('xài chip gì vậy shop', {'entities': [(4, 11, 'WHAT_CHIP')]})
('camera trước nhiêu chấm vậy', {'entities': [(0, 12, 'WHAT_FRONT_CAMERA')]})
('xiaomi này là vỏ nhôm hay nhựa vậy', {'entities': [(0, 6, 'MANUFACTURER'), (14, 30, 'WHAT_PHONE_CASE')]})
('máy này ram nhiêu?', {'entities': [(8, 17, 'WHAT_RAM')]})
('máy này dung lượng rom là 32 hay 64?', {'entities': [(8, 25, 'WHAT_ROM'), (26, 28, 'ROM'), (33, 35, 'ROM')]})
('màn hình con ss9+ nhiêu inch nhỉ', {'entities': [(13, 17, 'PHONE'), (18, 32, 'WHAT_INCH')]})
('có tai thỏ ko shop?', {'entities': [(3, 10, 'IS_EAR_RABBIT')]})
('có tràn màn hình không?', {'entities': [(3, 16, 'IS_OVER_FLOW_SCREEN')]})
('ss7+ có màn hình tràn không?', {'entities': [(0, 4, 'PHONE'), (8, 21, 'IS_OVER_FLOW_SCREEN')]})
('con này có hỗ trợ 4g được không nhỉ?', {'entities': [(11, 20, 'IS_4G')]})
('ss7+ có hỗ trợ 4g được không nhỉ?', {'entities': [(0, 4, 'PHONE'), (8, 17, 'IS_4G')]})
('này dùng 1 sim hay 2 sim', {'entities': [(9, 24, 'HOW_NUMBER_SIM')]})
('dùng sim ghép hay thường vậy bạn', {'entities': [(5, 24, 'WHAT_SIM')]})
('có chống nước không', {'entities': [(3, 13, 'IS_WATER_PROTECTED')]})
('iphone 7 chống nước không?', {'entities': [(0, 8, 'PHONE'), (9, 19, 'IS_WATER_PROTECTED')]})
('ủa máy cài android 6 hay 7', {'entities': [(11, 26, 'WHAT_OS')]})
('mua về có update lên 8 được không', {'entities': [(7, 20, 'CAN_UPDATE'), (21, 22, 'VERSION_TO_UPDATE')]})
('xiaomi này có cài sẵn tiếng việt không, shop có hỗ trợ cài miễn phí hay phải tự cài', {'entities': [(14, 32, 'IS_VIETNAMESE_INSTALLED'), (0, 6, 'MANUFACTURER')]})
('iphone xs max có hỗ trợ tiếng việt không?', {'entities': [(0, 13, 'PHONE'), (17, 34, 'IS_SUPPORT_INSTALLED')]})
('ủa này hàng từ mỹ hay đài loan bạn', {'entities': [(15, 17, 'LOCATION'), (22, 30, 'LOCATION')]})
('bản iphone xs này là quốc tế hả', {'entities': [(4, 13, 'PHONE'), (18, 28, 'IS_GLOBAL')]})
('phải mã hàng ll/a không', {'entities': [(0, 17, 'WHAT_CODE')]})
('ủa này là hàng nhập khẩu xách tay hay chính hãng vậy shop', {'entities': [(25, 48, 'WHAT_FROM_TYPE')]})
('này là mới đập hộp hay like new', {'entities': [(11, 31, 'IS_BRAND_NEW_OR_LIKE_NEW')]})
('chơi liên quân max setting được không', {'entities': [(5, 14, 'GAME')]})
('chơi game liên tục 3h được không', {'entities': [(0, 21, 'HOW_LONG_PIN_PLAYING_GAME')]})
('không biết con này chơi alpha 8 có lag không ae nhỉ', {'entities': [(24, 31, 'GAME'), (32, 44, 'IS_FINE_WHILE_PLAYING')]})
('ủa samsung note 9 còn ko vậy', {'entities': [(3, 17, 'PHONE')]})
('iphone xs xám bạc còn không', {'entities': [(0, 9, 'PHONE'), (10, 17, 'COLOR')]})
('còn màu nào khác không', {'entities': [(4, 16, 'WHAT_ELSE_COLOR')]})
('ở thái nguyên còn xiaomi red mi 4 không vậy', {'entities': [(2, 13, 'LOCATION'), (18, 33, 'PHONE')]})
('còn mã ll/a không shop', {'entities': [(7, 11, 'CODE')]})
('còn bản ram 3gb không', {'entities': [(12, 13, 'RAM')]})
('còn bản 32gb không', {'entities': [(8, 10, 'ROM')]})
('cho xin địa chỉ ở tiền giang bạn ơi', {'entities': [(18, 28, 'LOCATION')]})
('ở cần thơ chỗ nào còn iphone 8 plus đỏ vậy bạn', {'entities': [(2, 9, 'LOCATION'), (22, 35, 'PHONE'), (36, 38, 'COLOR')]})
('tư vấn e trả góp ạ', {'entities': [(0, 16, 'IS_NEEDED')]})
('em năm nay 18t, có bằng lái xe trả góp được không', {'entities': [(11, 13, 'YEAR_OLD'), (19, 30, 'GIAY_TO')]})
('trả trước 30% là nhiêu tiền, rồi trả còn lại hết nhiều', {'entities': [(10, 13, 'HOW_MUCH_FIRST_PAY'), (33, 44, 'HOW_MUCH_LEFT')]})
('có hỗ trợ thanh toán qua thẻ tín dụng không', {'entities': [(10, 32, 'IS_SUPPORTED_BUYING_THROUGH_CREDIT')]})
('có thanh toán qua thẻ tín dụng không', {'entities': [(3, 30, 'IS_SUPPORTED_BUYING_THROUGH_CREDIT')]})
('có hỗ trợ trả góp qua thẻ ngân hàng hay tín dụng không', {'entities': [(10, 35, 'IS_SUPPORTED_INSTALLMENT_THROUGH_CREDIT')]})
('có trả góp qua thẻ ngân hàng hay tín dụng không', {'entities': [(3, 28, 'IS_SUPPORTED_INSTALLMENT_THROUGH_CREDIT')]})
('cần giấy tờ gì để mang ra làm thủ tục trả góp được nhỉ', {'entities': [(0, 14, 'WHAT_NEEDED_PAPERS')]})
('kính cường lực bị vỡ có bảo hành không vậy', {'entities': [(0, 20, 'IS_BROKEN_GLASS')]})
('vừa mua mà hư loa rồi, cứ rè rè mai ra đổi', {'entities': [(11, 17, 'IS_BROKEN_VOLUME')]})
('không lấy quà tặng giá bao nhiêu ạ?', {'entities': [(0, 32, 'IS_PRICE_AFTER_SALE_OFF_PRICE')]})
('a9 2018.neu tru gif 1500k minh ko lay km cua cellphones co dc ko.gia tot nhat nhu nao ad', {'entities': [(0, 7, 'PHONE'), (31, 40, 'IS_PRICE_AFTER_SALE_OFF_PRICE')]})
('quà of cellphone là quà gì v à', {'entities': [(0, 16, 'SALE_OFF_GIFF')]})
('tư vấn giùm nếu không quà tặg thì giảm bao nhiêu nữa ạ', {'entities': [(16, 48, 'IS_PRICE_AFTER_SALE_OFF_PRICE')]})
('mua tra gop đua truoc nhieu vay', {'entities': [(0, 31, 'IS_NEEDED')]})
('ko lấy quà tặng thì giá báo nhiêu', {'entities': [(0, 15, 'IS_PRICE_AFTER_SALE_OFF_PRICE')]})
('tư vấn cho mình giá không lấy quà tặng nhé', {'entities': [(20, 38, 'IS_PRICE_AFTER_SALE_OFF_PRICE')]})
('nếu kh lấy quà tặng có được trừ vào sản phẩm kh ad', {'entities': [(4, 19, 'IS_PRICE_AFTER_SALE_OFF_PRICE')]})
('nếu trừ hết quà tặng thì máy còn bao nhiêu và trả góp 30% hay 50%  như thế nào ạ, mong cửa hàng giải đáp', {'entities': [(4, 20, 'IS_PRICE_AFTER_SALE_OFF_PRICE')]})
('ko lấy quà có được ko vậy', {'entities': [(0, 10, 'IS_PRICE_AFTER_SALE_OFF_PRICE')]})
('cellphones có tiệm nào ở biên hòa không? nhận điện thoại rồi thanh toán trực tiếp được không???', {'entities': [(25, 33, 'LOCATION')]})
('đặt trc ngoài quà tặng samsung còn đc tặng thêm gì nữa ko ad', {'entities': [(31, 50, 'SALE_OFF_GIFF')]})
('trả trước 30% góp 12th mỗi tháng góp nhiêu vập bạn', {'entities': [(10, 13, 'HOW_MUCH_FIRST_PAY'), (14, 22, 'HOW_MUCH_LEFT')]})
('nếu không nhận khuyến mãi thì có được trừ tiền vào sản phẩm không shop ?', {'entities': [(4, 25, 'IS_PRICE_AFTER_SALE_OFF_PRICE')]})
('trả trước 10% và gop 12thang đc ko ạ', {'entities': [(17, 28, 'IS_NEEDED')]})
('có trả trước 10% và góp trong 9 tháng ko', {'entities': [(20, 37, 'IS_NEEDED')]})
('a9 có chống nước chống bụi ko vậy', {'entities': [(0, 2, 'PHONE'), (6, 16, 'IS_WATER_PROTECTED')]})
('cho mình hỏi là không lấy toàn bộ quà cáp gì thì giá cuối cùng phải thanh toán là bao nhiêu vậy shop?', {'entities': [(16, 41, 'IS_PRICE_AFTER_SALE_OFF_PRICE')]})
('cho hỏi mức giá khi không lấy quà', {'entities': [(20, 33, 'IS_PRICE_AFTER_SALE_OFF_PRICE')]})
('không lấy quà trừ bao nhiu vậy ad?', {'entities': [(0, 13, 'IS_PRICE_AFTER_SALE_OFF_PRICE')]})
('cho hỏi là bộ quà cellphone là pin vs loa đúng không vậy???', {'entities': [(11, 17, 'SALE_OFF_GIFF')]})
('mình muốn lên đời a9, muốn bán lại con a8 2018 mua tại cellphones 3/2, còn bh chính hãng samsung đến giữa 5/2019, máy đang xài tốt, không biết cellphones có thu lại không ạ?', {'entities': [(39, 46, 'PHONE'), (55, 69, 'LOCATION')]})
('giá cuối cùng khi ko lấy bất kỳ món quà nào là bao nhiêu vậy shop', {'entities': [(18, 39, 'IS_PRICE_AFTER_SALE_OFF_PRICE')]})
('cho mình hỏi k nhận bộ quà cps thì dc quy đổi vào giá máy dc k ạ?', {'entities': [(13, 26, 'IS_PRICE_AFTER_SALE_OFF_PRICE')]})
('e đang dùng sim 3g mobiphone muốn chuyển qua 4g đc hông ạ', {'entities': [(41, 47, 'IS_4G')]})
('nếu mình không lấy quà thì giá máy còn bao nhiêu vậy', {'entities': [(9, 22, 'IS_PRICE_AFTER_SALE_OFF_PRICE')]})
('cho em hỏi là nếu như không lấy pin và loa thì giá sản phẩm sẽ còn bao nhiêu ạ', {'entities': [(22, 42, 'IS_PRICE_AFTER_SALE_OFF_PRICE')]})
('nếu không lấy tất cả quà thì giá là bao nhiêu', {'entities': [(4, 24, 'IS_PRICE_AFTER_SALE_OFF_PRICE')]})
('nếu ko lấy quà tặng thì giá còn bao nhiêu ạ + có hỗ trợ trả góp 0% lãi ko ạ?', {'entities': [(4, 19, 'IS_PRICE_AFTER_SALE_OFF_PRICE')]})
('sản phầm này có hỗ trợ trả góp không ạ? và nếu trả góp thì có ưu đãi gì không ạ?', {'entities': [(16, 30, 'IS_NEEDED')]})
('mình muốn trả góp qua thẻ visa thì hình thức như thế nào,bn tháng .', {'entities': [(10, 30, 'IS_SUPPORTED_BUYING_THROUGH_CREDIT')]})
('cần thủ tục gì không?', {'entities': [(4, 14, 'IS_NEEDED')]})
('nếu ko lấy pin sạc dự phòng loa bluetooth, film và spotify trong phần quà tặng của a9 thì có đc trừ vào giá 12tr490 ko ạ', {'entities': [(4, 27, 'IS_PRICE_AFTER_SALE_OFF_PRICE')]})
('nếu sp này không lấy quà tặng thì giá sẽ còn bn ạ', {'entities': [(11, 29, 'IS_PRICE_AFTER_SALE_OFF_PRICE')]})
('san pham co samsung pay khong?', {'entities': [(9, 23, 'IS_SUPPORTED_BUYING_THROUGH_CREDIT')]})
('e này có chống nước k ad?', {'entities': [(6, 19, 'IS_WATER_PROTECTED')]})
('mình ở bình dương mua a9 bên cellphones nơi nào là gần nhất vậy qtv, xin cảm ơn ạ.', {'entities': [(7, 17, 'LOCATION'), (22, 24, 'PHONE')]})
('cho mình xin thông tin quà tặng bên mình ạ', {'entities': [(13, 31, 'SALE_OFF_GIFF')]})
('hàng này mới 100% àh shop , shop có máy chip snap drangon không', {'entities': [(9, 20, 'IS_BRAND_NEW_OR_LIKE_NEW')]})
('trả góp 0% qua home là trả trước và mỗi tháng trả bao nhiêu ạ? cửa hàng ở thái hà còn máy ko ạ?', {'entities': [(74, 81, 'LOCATION')]})
('trả trước bao nhiêu % ạ', {'entities': [(0, 19, 'IS_NEEDED')]})
('bạn ơi, s9+ mua trả góp qua thẻ tín dụng ntn vậy?', {'entities': [(16, 40, 'IS_SUPPORTED_INSTALLMENT_THROUGH_CREDIT')]})
('bạn ơi, hiện tại ở hn còn ko bạn?', {'entities': [(19, 21, 'LOCATION')]})
('s9+ có trả góp ưu đãi gì bạn nhỉ?', {'entities': [(7, 24, 'IS_SALE_OFF_INSTALLMENT'), (0, 3, 'PHONE')]})
('nếu mình ko lấy phiếu mua hàng thì có giảm giá ko vậy shop?', {'entities': [(9, 46, 'IS_PRICE_AFTER_SALE_OFF_PRICE')]})
('s9plus có chống nước chống bụi ko?', {'entities': [(10, 20, 'IS_WATER_PROTECTED'), (0, 6, 'PHONE')]})
('mình muốn mua máy màu vàng nhưng ở q6 thì shop nào gần nhất và shop có dán màn hình miễn phí không ạ ?', {'entities': [(22, 26, 'COLOR'), (35, 37, 'LOCATION')]})
('e trả trc 50% thì có dc lãi suất 0% k ạ', {'entities': [(2, 13, 'IS_NEEDED')]})
('ý mình là ss s9 plus màu hoàng kim', {'entities': [(13, 20, 'PHONE'), (25, 34, 'COLOR')]})
('cho hỏi có đc hưởng giá ưu đãi của hom nay kg. mình ở hn. hay là tặng pmh 4tr600. mình thay giá hom nay đang tốt.', {'entities': [(20, 30, 'IS_PRICE_AFTER_SALE_OFF_PRICE')]})
('cho hỏi ss s9 plus hoàng kim có ct trả góp 0% qua home credit kg?', {'entities': [(32, 61, 'IS_SUPPORTED_BUYING_THROUGH_CREDIT'), (11, 18, 'PHONE'), (19, 28, 'COLOR')]})
('cho minh hoi gop 12 thang co dc ko vay', {'entities': [(13, 25, 'IS_NEEDED')]})
('có hàng màu hoàng kim chưa shop', {'entities': [(12, 21, 'COLOR')]})
('màu này k có trả góp 0% với home credit ah ad', {'entities': [(13, 39, 'IS_SUPPORTED_BUYING_THROUGH_CREDIT')]})
('còn áp dụng chương trình 20tr tại hcm ko shop?', {'entities': [(0, 24, 'IS_SALE_OFF_NOW'), (34, 37, 'LOCATION')]})
('mua note 9 512gb bằng giá 128gb - chỉ còn 20.390.000 hcm con hang k vay', {'entities': [(4, 10, 'PHONE'), (11, 14, 'ROM'), (26, 29, 'ROM')]})
('chương trình nâng cấp bản 512gb còn hàng ở hcm ko ad ?', {'entities': [(26, 29, 'ROM'), (43, 46, 'LOCATION')]})
('hôm nay ngày 26/11 còn áp dụng chương trình khuyến mãi này k shop', {'entities': [(19, 54, 'IS_SALE_OFF_NOW')]})
('mua trả góp 0% ở xa làm hồ sơ được ko shop,mình ở ninh thuận', {'entities': [(0, 14, 'IS_NEEDED'), (50, 60, 'LOCATION')]})
('ở quảng bình còn note 9 512gb giá 20.390 k ad', {'entities': [(17, 23, 'PHONE'), (24, 27, 'ROM'), (2, 12, 'LOCATION')]})
('chào bạn. mình mua note 9 128gb ở cellphones. giờ muốn nâng cấp bản 512gb thì phải phụ thêm bao nhiêu tiền?', {'entities': [(19, 25, 'PHONE'), (26, 29, 'ROM'), (68, 71, 'ROM')]})
('e dùng con s8+. nó vỡ màn hình. bây giờ muốn đổi máy s7 cần bao nhiêu tiền ạ?', {'entities': [(11, 14, 'PHONE'), (53, 55, 'PHONE')]})
('pin ko trâu như mình nghĩ', {'entities': [(0, 11, 'HOW_LONG_PIN')]})
('máy sao mà giảm giá sâu vậy?', {'entities': [(4, 23, 'IS_PRICE_AFTER_SALE_OFF_PRICE')]})
('tư vấn giùm mình trả góp 0% cần trả trước bao nhiêu và của công ty tài chính nào vậy?', {'entities': [(17, 27, 'IS_NEEDED')]})
('e ở hcm. không biết note 9 512gb suất 20,9tr còn không ạ', {'entities': [(20, 26, 'PHONE'), (27, 30, 'ROM'), (38, 44, 'MONEY'), (4, 7, 'LOCATION')]})
('làm thế nào để mua được ở hà nội note 9 hot sale 20.990 k', {'entities': [(26, 32, 'LOCATION'), (33, 39, 'PHONE'), (49, 55, 'MONEY')]})
('not9 512gb o hcm con mau dong ko shop. gia tra gop ntn a', {'entities': [(13, 16, 'LOCATION'), (0, 4, 'PHONE'), (5, 8, 'ROM'), (25, 29, 'COLOR')]})
('chào ad.. cho m hỏi.. giá note 9 512gb 20.990.000d là còn khuyến mãi, tặng kèm gì không ạ.. m mua online ntn ạ..', {'entities': [(26, 32, 'PHONE'), (33, 36, 'ROM'), (39, 50, 'MONEY'), (70, 87, 'SALE_OFF_GIFF')]})
('note 9 chính hãng 512gb ram 8gb có màu đồng không ạ', {'entities': [(0, 6, 'PHONE'), (18, 21, 'ROM'), (28, 29, 'RAM'), (39, 43, 'COLOR')]})
('cho mình hỏi shop còn note 9 512 gb màu đen ko ??', {'entities': [(22, 28, 'PHONE'), (29, 32, 'ROM'), (40, 43, 'COLOR')]})
('cho mình hỏi là hết quà tặng rồi ạ', {'entities': [(16, 34, 'IS_SALE_OFF_NOW')]})
('quà có được hoàn trả hoặc đổi không ?', {'entities': [(12, 20, 'CAN_SELL_BACK'), (26, 29, 'CAN_SELL_BACK')]})
('có đc trừ thẳng quà không ??', {'entities': [(6, 19, 'IS_PRICE_AFTER_SALE_OFF_PRICE')]})
('cho mình hỏi đây là máy lock hay máy gì 512gb mà 32tr vậy..', {'entities': [(20, 39, 'WHAT_FROM_TYPE'), (40, 43, 'ROM')]})
('cho em hỏi bên mình có chính sách trả góp 0% trong kỳ hạn 3 tháng không ạ?', {'entities': [(34, 44, 'IS_NEEDED')]})
('xs max bản 512 gb ở hcm hết hàng...nhưng ở hà nội thì còn hàng..cua hang minh co thể giao vào hcm bán cho khách k..và khoang bao lâu hàng về hcm ?', {'entities': [(0, 6, 'PHONE'), (20, 23, 'LOCATION'), (43, 49, 'LOCATION'), (11, 14, 'ROM')]})
('sao con này rẽ vạy ad 500gb mà co 35tr là sao ạ', {'entities': [(22, 25, 'ROM'), (34, 38, 'MONEY')]})
('phiếu mua hàng 500k có được trừ thẳng vào sản phẩm không?', {'entities': [(28, 50, 'IS_PRICE_AFTER_SALE_OFF_PRICE')]})
('cho hỏi là có mã giảm cho khách hàng mới khi nhận thông báo qua email 10%, thì lúc mua hàng được áp dụng chung với cả galaxy gift và phiếu mua hàng 500k luôn phải ko shop?', {'entities': [(83, 110, 'SALE_OFF_GIFF')]})
('mình đang ở số 2 trần phú - hà đông - hà nội . mình muốn mua j6 plus . cho hỏi có của hàng nào gần mình không bạn . và phiếu mua hàng còn dc áp dụng không bạn', {'entities': [(61, 68, 'PHONE'), (17, 25, 'LOCATION'), (28, 35, 'LOCATION'), (38, 44, 'LOCATION')]})
('em muốn mua j6+ thì h khuyến mãi đc j ko', {'entities': [(12, 15, 'PHONE'), (20, 37, 'IS_SALE_OFF_NOW')]})
('j6 plus có kháng nước ko ạ', {'entities': [(11, 21, 'IS_WATER_PROTECTED'), (0, 7, 'PHONE')]})
('em ms mua j6 plus mà sao mau hết pin quá ạ', {'entities': [(25, 36, 'HOW_LONG_PIN'), (10, 17, 'PHONE')]})
('về j6+ mình mới mua đc 2 ngày mà s thấy nó mau tuột pin nhanh dù đã tắt hết chạy ngầm.h thêm tự độbg tắt nguồn là s v ad???', {'entities': [(43, 55, 'HOW_LONG_PIN'), (3, 6, 'PHONE')]})
('với samsung thi ben minh co bao nhieu loai op lung, rieng dòng j thoi  ?', {'entities': [(58, 64, 'PHONE'), (38, 50, 'WHAT_PHONE_CASE')]})
('hiện bên mình có còn hỗ trợ trả góp lãi suất 0% sản phẩm j6+ không ạ? và nếu mua trả góp thì có được tặng pmh 500k hay không? mình cũng có mã giảm tối đa 100k của cellphones thì có áp dụng cho trả góp không ạ!', {'entities': [(57, 60, 'PHONE'), (21, 35, 'IS_NEEDED')]})
('trả góp 0% sao vậy ads?', {'entities': [(0, 10, 'IS_NEEDED')]})
('cho mình hỏi thủ tục đổi máy cũ lấy máy mới như thế nào ạ??', {'entities': [(13, 31, 'PROCEDURE')]})
('phiếu mua hàng có được trừ vào sản phẩm k b', {'entities': [(18, 39, 'IS_PRICE_AFTER_SALE_OFF_PRICE')]})
('shop cho mình hỏi j7 pro và j6+ máy nào chơi game ổn hơn và đỡ giật lag hơn ạ??', {'entities': [(18, 24, 'PHONE'), (40, 52, 'IS_FINE_WHILE_PLAYING')]})
('cho mình hỏi shop có máy j6+ 64gb ram k ạ và giá là bn ạ?', {'entities': [(25, 28, 'PHONE'), (29, 31, 'ROM')]})
('cellphones có chi nhánh nào tại hà đông k ạ??', {'entities': [(32, 39, 'LOCATION')]})
('mình mua máy ở cellphones giờ muốn bán lại để mua j6+ có được k và thủ tục ntn ạ??', {'entities': [(50, 53, 'PHONE'), (67, 78, 'PROCEDURE')]})
('mình còn đc giảm pmh 500k khi mua j6+ nữa không ? mình ở q.7', {'entities': [(5, 16, 'IS_SALE_OFF_NOW'), (34, 37, 'PHONE')]})
('còn tặng pmh 500k nữa không ạ ?', {'entities': [(0, 8, 'IS_SALE_OFF_NOW')]})
('khi mình mua j6+ ý. đc km pmh 540k thì có trừ thằg vào tiền mua j6+ k ạ', {'entities': [(39, 63, 'IS_PRICE_AFTER_SALE_OFF_PRICE'), (13, 16, 'PHONE')]})
('j6+ này mua trả góp thì có đc km pmh 540k không ạ? hàng này ở hà nội còn không ạ', {'entities': [(8, 19, 'IS_SALE_OFF_INSTALLMENT'), (0, 3, 'PHONE')]})
('j6+ mau đỏ bao jo có hàng shop ?', {'entities': [(0, 3, 'PHONE'), (8, 10, 'COLOR')]})
('kg co mau hong ha shop ?', {'entities': [(10, 14, 'COLOR')]})
('cho em hỏi samsung galaxy j6 plus giá 4.690.000 sau khi trừ  phiếu mua hàng là còn 4.190.000 phải không ạ ?', {'entities': [(48, 59, 'IS_PRICE_AFTER_SALE_OFF_PRICE'), (11, 33, 'PHONE')]})
('em ở bình dương cầm mua j6 plus', {'entities': [(5, 15, 'LOCATION'), (24, 31, 'PHONE')]})
('máy nova 3e mjk mua đc từ tháng 7 rồi h muốn mua y9 cần bù thêm bao nhiu ạ', {'entities': [(4, 11, 'PHONE'), (49, 51, 'PHONE'), (56, 72, 'EXTRA_MONEY')]})
('shop có thanh toán qua thẻ tín dụng hsbc dc ko ak', {'entities': [(8, 35, 'IS_SUPPORTED_BUYING_THROUGH_CREDIT'), (36, 40, 'BANK')]})
('shop có cửa hàng nào gần chùa láng nhất k v?', {'entities': [(25, 34, 'LOCATION')]})
('khi nào về màu đỏ vậy ạ', {'entities': [(15, 17, 'COLOR')]})
('j6 plus sài chip snap 430 hay 425 z ad', {'entities': [(8, 35, 'WHAT_CHIP'), (0, 7, 'PHONE')]})
('j6+ bên mình có màu đỏ chưa shop', {'entities': [(0, 3, 'PHONE'), (20, 22, 'COLOR')]})
('mình không lấy pmh 500.000₫ thì khi mua máy chỉ phải trả 4.190.000₫ phải không ad? và mình ở tân mỹ- mỹ đình thì ra cửa hàng nào gần nhất vậy ad? cảm ơn!', {'entities': [(44, 56, 'IS_PRICE_AFTER_SALE_OFF_PRICE'), (93, 99, 'LOCATION'), (101, 108, 'LOCATION')]})
('samsung galaxy j6+ có giá là 4.190.000 phải ko a, vạy nếu cộng pmh 500k vào thì giá của  sansung galaxy j6+ sẻ  có giá là bao nhiêu vạy a', {'entities': [(58, 71, 'IS_PRICE_AFTER_SALE_OFF_PRICE'), (0, 18, 'PHONE')]})
('thế giờ e mua j6plus ko lấy phiếu mua hàng thì e phải trả bn tiền ạ', {'entities': [(14, 20, 'PHONE'), (49, 60, 'IS_PRICE_AFTER_SALE_OFF_PRICE')]})
('j6 plus còn mầu khác k bạn', {'entities': [(8, 20, 'WHAT_ELSE_COLOR'), (0, 7, 'PHONE')]})
('phiếu mua hàng này chỉ có áp dụng  với mua online ko a?', {'entities': [(19, 49, 'IS_SALE_OFF_NOW')]})
('mình muốn đổi máy cũ với máy này có bù trừ gì thêm không? có thì gồm những gì v ad?', {'entities': [(36, 50, 'EXTRA_MONEY')]})
('cho em hỏi máy này có bộ nhớ chính xác là 3g/32g hay 4g/64g vậy', {'entities': [(22, 38, 'WHAT_ROM'), (45, 47, 'ROM'), (56, 58, 'ROM')]})
('mua tra gop can nhung j vay', {'entities': [(4, 15, 'IS_NEEDED')]})
('hàng này 2 sim vật lý và là hàng mới đúng không shop? mình muốn mua máy màu trắng bên shop có hàng không?', {'entities': [(9, 14, 'HOW_NUMBER_SIM')]})
('quá kì vậy note 9 mới còn có 21 tr bản 512 g thoi', {'entities': [(11, 17, 'PHONE'), (39, 42, 'ROM')]})
('sao báo kêu note 9 512 g giảm còn 21tr mà hãng bán giá cũ vậy', {'entities': [(12, 18, 'PHONE'), (19, 22, 'ROM')]})
('cái nay 2 sim nano hả cellphone?', {'entities': [(10, 18, 'WHAT_SIM')]})
('nếu ko lấy quà thì có được giảm giá không, khi mua trả góp thì dựa trên giá gốc hay giá giảm vậy', {'entities': [(22, 41, 'IS_PRICE_AFTER_SALE_OFF_PRICE')]})
('shop cho hỏi k lấy quà trừ được bn tiền vậy', {'entities': [(13, 22, 'IS_PRICE_AFTER_SALE_OFF_PRICE')]})
('nó là màn oled mà s trên đây ghi amoled vậy ??', {'entities': [(6, 14, 'IS_OVER_FLOW_SCREEN')]})
('mình ở gần khu thái hà. bên bạn có thể chuyển máy từ hồ tùng mậu về thái hà có dc ko', {'entities': [(15, 22, 'LOCATION')]})
('e mới mua 3i đc 7 ngày h muốn đổi lên 20 pro đk ko ạ cần tư vấn', {'entities': [(25, 37, 'PROCEDURE'), (10, 12, 'PHONE')]})
('mình có mua 1máy p20 pro được 3 tháng, có mua thêm gói bảo hành vip 1tr7 . giờ máy mình bị rơi, trầy xướt phần viền. có bảo hành lại cho mình ko', {'entities': [(88, 94, 'IS_BROKEN_GLASS')]})
('ko lấy quà giá bao nhiêu, mình ở sài gòn', {'entities': [(0, 10, 'IS_PRICE_AFTER_SALE_OFF_PRICE')]})
('ở hn còn máy không ?', {'entities': [(2, 4, 'LOCATION')]})
('nếu không lấy loa + sim thì trừ bao nhiêu tiền ?', {'entities': [(4, 23, 'IS_PRICE_AFTER_SALE_OFF_PRICE')]})
('không lấy loa trừ tiền và đổi nokia 7 plus còn bh từ cellphone được không?', {'entities': [(0, 13, 'IS_PRICE_AFTER_SALE_OFF_PRICE')]})
('ko lấy loa có được - tiền ko', {'entities': [(0, 10, 'IS_PRICE_AFTER_SALE_OFF_PRICE')]})
('huawei p20 pro còn hàng ko b', {'entities': [(0, 14, 'PHONE')]})
('hết hàng huawei p20 rồi à shop', {'entities': [(9, 19, 'PHONE')]})
('p20 pro có trống nước ko anh', {'entities': [(8, 21, 'IS_WATER_PROTECTED'), (0, 7, 'PHONE')]})
('giá của em này bao nhiêu ạ', {'entities': [(8, 14, 'OTHER')]})
('huawei p20 pro ko lấy quà giá sào v b, mình ở hcm', {'entities': [(15, 29, 'IS_PRICE_AFTER_SALE_OFF_PRICE'), (0, 14, 'PHONE')]})
('điện thoại này không lấy quà hôm nay giá còn bao nhiêu vậy ?', {'entities': [(15, 28, 'IS_PRICE_AFTER_SALE_OFF_PRICE')]})
('điện thoại còn hàng ở tp hồ chí minh không ạ', {'entities': [(25, 36, 'LOCATION')]})
('nay trả góp s v a/c', {'entities': [(4, 15, 'IS_NEEDED')]})
('đt này giá bao nhiu ạ', {'entities': [(7, 19, 'OTHER')]})
('đt này khu vực tphcm còn màu đen ko shop', {'entities': [(15, 20, 'LOCATION'), (29, 32, 'COLOR')]})
('hà nội còn không bạn nhỉ?', {'entities': [(0, 6, 'LOCATION')]})
('cho em xin giá trừ quà', {'entities': [(15, 22, 'IS_PRICE_AFTER_SALE_OFF_PRICE')]})
('lúc trước thấy con này được bảo hành rơi vỡ màn hình 3 tháng, bảo hành tận nhà luôn, giờ còn được áp dụng không shop ơi', {'entities': [(37, 52, 'IS_BROKEN_GLASS')]})
('cho mình xin giá đã trừ quà,', {'entities': [(20, 27, 'IS_PRICE_AFTER_SALE_OFF_PRICE')]})
('cho anh xin giá sau trừ quà nha !', {'entities': [(20, 27, 'IS_PRICE_AFTER_SALE_OFF_PRICE')]})
('em muốn mua trả góp thì như thế nào! và trừ quà đi có trừ vào giá máy không ạ! có gì liên hệ cho em biết với ạ', {'entities': [(8, 19, 'IS_NEEDED')]})
('giá trừ quà còn bao nhiêu shop', {'entities': [(0, 11, 'IS_PRICE_AFTER_SALE_OFF_PRICE')]})
('cho mình hỏi trừ quà sp còn bao nhiêu vậy shop', {'entities': [(13, 20, 'IS_PRICE_AFTER_SALE_OFF_PRICE')]})
('trừ quà giá sản phẩm còn bao nhiêu ạ?', {'entities': [(0, 7, 'IS_PRICE_AFTER_SALE_OFF_PRICE')]})
('giá sau khi trừ hết quà bao nhiêu ạ', {'entities': [(12, 23, 'IS_PRICE_AFTER_SALE_OFF_PRICE')]})
('trừ quà còn bao nhiêu ạ?', {'entities': [(0, 7, 'IS_PRICE_AFTER_SALE_OFF_PRICE')]})
('phương  tư vấn mình giá sau khi trừ hết quà nhé', {'entities': [(32, 43, 'IS_PRICE_AFTER_SALE_OFF_PRICE')]})
('trừ quà còn bao nhiêu tiền shop ơi?', {'entities': [(0, 7, 'IS_PRICE_AFTER_SALE_OFF_PRICE')]})
('ben go vap con hang ko zenfon max pro ma mau bac', {'entities': [(4, 10, 'LOCATION'), (23, 37, 'PHONE'), (45, 48, 'COLOR')]})
('giá sản phẩm?', {'entities': [(0, 12, 'OTHER')]})
('phiếu mua hàng có được trừ vào giá sản phẩm luôn không ạ?', {'entities': [(23, 43, 'IS_PRICE_AFTER_SALE_OFF_PRICE')]})
('em muốn mua mà chả thấy giá', {'entities': [(8, 27, 'OTHER')]})
('vay o bình dương có chi nhánh k ad', {'entities': [(6, 17, 'LOCATION')]})
('và shop có cho trả tiền bằng thẻ ngân hàng không ạ?', {'entities': [(15, 32, 'IS_SUPPORTED_BUYING_THROUGH_CREDIT')]})
('còn hàng full box nguyên seal ko shop', {'entities': [(9, 29, 'IS_BRAND_NEW_OR_LIKE_NEW')]})
('ở đồng tháp có bán không ạ', {'entities': [(2, 11, 'LOCATION')]})
('chơi game đc ko', {'entities': [(0, 12, 'IS_FINE_WHILE_PLAYING')]})
('hàng này là hàng mới nguyên siêu à', {'entities': [(12, 20, 'IS_BRAND_NEW_OR_LIKE_NEW')]})
('xin chào! em ở tphcm có thì có thể mua dòng điện thoại này ở chi nhánh nào ạ?', {'entities': [(15, 20, 'LOCATION')]})
('chào ad. em muốn mua trả góp qua hình thức trả góp qua thẻ tín dụng của ngân hàng maritime bank thì cần phải làm những thủ tục và giấy tờ gì. và khi lấy máy phải trả trước bao nhiêu tiền ạ. tks ad.', {'entities': [(43, 67, 'IS_SUPPORTED_BUYING_THROUGH_CREDIT')]})
('e ở bình thuận mua trả góp 30% có chuyển máy đến ko ạ', {'entities': [(22, 35, 'IS_NEEDED'), (5, 17, 'LOCATION')]})
('nếu mua trả góp thì mình đưa trước bao nhiêu phần trăm vậy ac', {'entities': [(4, 15, 'IS_NEEDED')]})
('ở vũng tàu có chi nhánh k ạ', {'entities': [(2, 10, 'LOCATION')]})
('con này có ở bắc ninh ko ạ', {'entities': [(13, 21, 'LOCATION')]})
('máy còn hàng ở của hàng ở bình dương ko.', {'entities': [(26, 36, 'LOCATION')]})
('con này chơi free fire mượt được ko anh', {'entities': [(13, 22, 'GAME')]})
('cho mình hỏi max pro m1 4g có bán ở cái bè.tiền giang k ạ', {'entities': [(13, 23, 'PHONE'), (24, 25, 'RAM'), (43, 53, 'LOCATION')]})
('còn hàng k ad...minh ở càu diễn...shop có địa chỉ nao gàn khu vuc đó k', {'entities': [(23, 31, 'LOCATION')]})
('co kiêu tra góp trước 0% hay 10%', {'entities': [(8, 21, 'IS_NEEDED')]})
('ad cho hỏi. có hỗ trợ trả góp trả trước 0% ko ạ. thủ tục cần cmnd+ bằng lái gốc và có cần số đt  hay gì khác ko ạ', {'entities': [(22, 39, 'IS_NEEDED')]})
('bên mình có máy chưa kích họat không ạ?', {'entities': [(16, 30, 'IS_BRAND_NEW_OR_LIKE_NEW')]})
('giá bao nhiêu ạ', {'entities': [(4, 13, 'OTHER')]})
('bao giờ nhập tiếp màu đen ạ?', {'entities': [(22, 25, 'COLOR')]})
('hết màu đen rồi ạ?', {'entities': [(8, 11, 'COLOR')]})
('sản phẩm này còn hàng ở chi nhánh nào ở tphcm ạ?', {'entities': [(40, 45, 'LOCATION')]})
('sản phẩm này còn hàng k ạ ?', {'entities': [(13, 21, 'OTHER')]})
('năm 2019 em mua năm 2019 em mua được không ? hàng lúc đó có giảm giá không ạ ? em mong lúc đấy ở hà nội còn hàng ạ /__\\', {'entities': [(0, 15, 'WHEN_END_SALE_OFF')]})
('máy sẵn tiếng việt chưa shop, mình ở cao bằng shop có ship ko? và phí ship là bnh ạ?', {'entities': [(4, 18, 'IS_VIETNAMESE_INSTALLED')]})
('có chạy tiếng việt không ạ', {'entities': [(3, 18, 'IS_VIETNAMESE_INSTALLED')]})
('còn ap ở hn ko shop, cả cũ,mới', {'entities': [(9, 11, 'LOCATION')]})
('mình ở đông anh hà nội, phiền shop xem hộ mình còn hàng k?', {'entities': [(7, 15, 'LOCATION')]})
('bạn oi ở khương đình hà nội có mầu xanh không?', {'entities': [(9, 20, 'LOCATION'), (35, 39, 'COLOR')]})
('hết hàng rồi hả shop ?', {'entities': [(0, 12, 'OTHER')]})
('ko có bản 64 gb ạ', {'entities': [(12, 14, 'ROM')]})
('hàng này còn ko', {'entities': [(9, 15, 'OTHER')]})
('cho e hỏi là mua tại shop có ưu đãi gì k nhỉ?', {'entities': [(29, 40, 'SALE_OFF_GIFF')]})
('shop ơi hỏi tý, có màu đen không ạ ? mình ở hà nội', {'entities': [(44, 50, 'LOCATION'), (23, 26, 'COLOR')]})
('cho e hoi hang nay la xuất xứ từ đâu', {'entities': [(22, 29, 'OTHER')]})
('có tiếng việt k', {'entities': [(0, 13, 'IS_VIETNAMESE_INSTALLED')]})
('còn màu đen không ạ', {'entities': [(8, 11, 'COLOR')]})
('hiện tại máy này thường có ở những cửa hàng nào vậy', {'entities': [(17, 28, 'OTHER')]})
('cho em xin giá trừ quà', {'entities': [(15, 22, 'IS_PRICE_AFTER_SALE_OFF_PRICE')]})
('lúc trước thấy con này được bảo hành rơi vỡ màn hình 3 tháng, bảo hành tận nhà luôn, giờ còn được áp dụng không shop ơi', {'entities': [(37, 52, 'IS_BROKEN_GLASS')]})
('cho mình xin giá đã trừ quà,', {'entities': [(17, 27, 'IS_PRICE_AFTER_SALE_OFF_PRICE')]})
('cho anh xin giá sau trừ quà nha!', {'entities': [(16, 27, 'IS_PRICE_AFTER_SALE_OFF_PRICE')]})
('cho e xin gia sau khi tru qua.', {'entities': [(14, 29, 'IS_PRICE_AFTER_SALE_OFF_PRICE')]})
('em muốn mua trả góp thì như thế nào! và trừ quà đi có trừ vào giá máy không ạ! có gì liên hệ cho em biết với ạ', {'entities': [(8, 19, 'IS_NEEDED')]})
('giá trừ quà còn bao nhiêu shop', {'entities': [(0, 11, 'IS_PRICE_AFTER_SALE_OFF_PRICE')]})
('cho mình hỏi trừ quà sp còn bao nhiêu vậy shop', {'entities': [(13, 23, 'IS_PRICE_AFTER_SALE_OFF_PRICE')]})
('trừ quà giá sản phẩm còn bao nhiêu ạ?', {'entities': [(0, 7, 'IS_PRICE_AFTER_SALE_OFF_PRICE')]})
('giá sau khi trừ hết quà bao nhiêu ạ', {'entities': [(4, 23, 'IS_PRICE_AFTER_SALE_OFF_PRICE')]})
('trừ quà còn bao nhiêu ạ?', {'entities': [(0, 7, 'IS_PRICE_AFTER_SALE_OFF_PRICE')]})
('phương  tư vấn mình giá sau khi trừ hết quà nhé', {'entities': [(32, 43, 'IS_PRICE_AFTER_SALE_OFF_PRICE')]})
('trừ quà còn bao nhiêu tiền shop ơi?', {'entities': [(0, 7, 'IS_PRICE_AFTER_SALE_OFF_PRICE')]})
('cho dia chi cu the mai minh qua mua', {'entities': [(28, 35, 'OTHER')]})
('ben go vap con hang ko zenfon max pro ma mau bac', {'entities': [(4, 10, 'LOCATION'), (23, 37, 'PHONE'), (45, 48, 'COLOR')]})
('giá sản phẩm?', {'entities': [(0, 12, 'OTHER')]})
('phiếu mua hàng có được trừ vào giá sản phẩm luôn không ạ?', {'entities': [(23, 34, 'IS_PRICE_AFTER_SALE_OFF_PRICE')]})
('em muốn mua mà chả thấy giá', {'entities': [(3, 11, 'OTHER')]})
('chưa có hàng về ha ad', {'entities': [(0, 12, 'OTHER')]})
('và shop có cho trả tiền bằng thẻ ngân hàng không ạ?', {'entities': [(24, 42, 'IS_SUPPORTED_BUYING_THROUGH_CREDIT')]})
('còn hàng full box nguyên seal ko shop', {'entities': [(9, 29, 'IS_BRAND_NEW_OR_LIKE_NEW')]})
('ở đồng tháp có bán không ạ', {'entities': [(2, 11, 'LOCATION')]})
('chơi game đc ko', {'entities': [(5, 15, 'IS_FINE_WHILE_PLAYING')]})
('hàng này là hàng mới nguyên siêu à', {'entities': [(12, 20, 'IS_BRAND_NEW_OR_LIKE_NEW')]})
('xin chào! em ở tphcm có thì có thể mua dòng điện thoại này ở chi nhánh nào ạ?', {'entities': [(15, 20, 'LOCATION')]})
('chào ad. em muốn mua trả góp qua hình thức trả góp qua thẻ tín dụng của ngân hàng maritime bank thì cần phải làm những thủ tục và giấy tờ gì. và khi lấy máy phải trả trước bao nhiêu tiền ạ. tks ad.', {'entities': [(17, 28, 'IS_NEEDED')]})
('nếu mua trả góp thì mình đưa trước bao nhiêu phần trăm vậy ac', {'entities': [(4, 15, 'IS_NEEDED')]})
('ở vũng tàu có chi nhánh k ạ', {'entities': [(2, 10, 'LOCATION')]})
('e ở sóc sơn bh mua khi nào hàng đến', {'entities': [(4, 11, 'LOCATION')]})
('con này có ở bắc ninh ko ạ', {'entities': [(13, 21, 'LOCATION')]})
('máy còn hàng ở của hàng ở bình hưng ko.', {'entities': [(26, 35, 'LOCATION')]})
('cho mình hỏi max pro m1 4g có bán ở cái bè.tiền giang k ạ', {'entities': [(13, 23, 'PHONE'), (24, 25, 'RAM'), (43, 53, 'LOCATION')]})
('co kiêu tra góp trước 0% hay 10%', {'entities': [(12, 21, 'IS_NEEDED')]})
('ad cho hỏi. có hỗ trợ trả góp trả trước 0% ko ạ. thủ tục cần cmnd+ bằng lái gốc và có cần số đt  hay gì khác ko ạ', {'entities': [(22, 39, 'IS_NEEDED')]})
('bao giờ nhập tiếp màu đen ạ?', {'entities': [(22, 25, 'COLOR')]})
('hết màu đen rồi ạ?', {'entities': [(8, 11, 'COLOR')]})
('sản phẩm này còn hàng ở chi nhánh nào ở tphcm ạ?', {'entities': [(40, 45, 'LOCATION')]})
('mình ở đông anh hà nội, phiền shop xem hộ mình còn hàng k?', {'entities': [(7, 15, 'LOCATION')]})
('bạn oi ở khương đình hà nội có mầu xanh không?', {'entities': [(9, 20, 'LOCATION'), (35, 39, 'COLOR')]})
('hết hàng rồi hả shop ?', {'entities': [(0, 15, 'OTHER')]})
('ko có bản 64 gb ạ', {'entities': [(12, 14, 'ROM')]})
('hàng này còn ko', {'entities': [(9, 15, 'OTHER')]})
('cho e hỏi là mua tại shop có ưu đãi gì k nhỉ?', {'entities': [(29, 38, 'SALE_OFF_GIFF')]})
('shop ơi hỏi tý, có màu đen không ạ ? mình ở hà nội', {'entities': [(44, 50, 'LOCATION'), (23, 26, 'COLOR')]})
('còn màu đen không ạ', {'entities': [(8, 11, 'COLOR')]})
('có màu đen ko ạ', {'entities': [(7, 10, 'COLOR')]})
('có tiếng việt đúng không shop?', {'entities': [(0, 13, 'IS_VIETNAMESE_INSTALLED')]})
('cho em hỏi máy ở cửa hàng 59 quang trung còn hàng k ạ', {'entities': [(29, 40, 'LOCATION')]})
('quy nhơn có chi nhánh không anh, nếu không thì chi nhánh nào gần nhất ạ...', {'entities': [(0, 8, 'LOCATION')]})
('cửa hành ở quốc lộ 50 huyện bình chánh còn không ad', {'entities': [(28, 38, 'LOCATION')]})
('hai phong con k ad...ban o cho nao vay', {'entities': [(0, 9, 'LOCATION')]})
('máy có tiếng việt không ad?', {'entities': [(7, 17, 'IS_VIETNAMESE_INSTALLED')]})
('máy dùng chưa đến 2 tháng cellphones có hỗ trợ nhập lại không ? nếu có nhập lại thì chính sách thế nào ??', {'entities': [(40, 55, 'OTHER')]})
('dòng này có trả góp không ? chính sách giá, thủ tục như thế nào ?', {'entities': [(9, 19, 'OTHER')]})
('dòng này có trả góp kh', {'entities': [(9, 19, 'OTHER')]})
('còn màu đen không ?', {'entities': [(8, 11, 'COLOR')]})
('cell phone ở quốc lộ 50 còn máy không', {'entities': [(13, 23, 'LOCATION')]})
('hà nam phủ lý còn ko', {'entities': [(0, 6, 'LOCATION')]})
('hung yen co chi nhanh nao ko', {'entities': [(0, 8, 'LOCATION')]})
('cs nguyễn khánh toàn còn sp này ko ạ?', {'entities': [(3, 20, 'LOCATION')]})
('o thu duc con 6a ko', {'entities': [(2, 9, 'LOCATION'), (14, 16, 'PHONE')]})
('cửa hàng ở âu cơ có ko ạ', {'entities': [(11, 16, 'LOCATION')]})
('còn hàng ở hcm ko ạ', {'entities': [(11, 14, 'LOCATION')]})
('máy chơi game mượt không a', {'entities': [(9, 24, 'IS_FINE_WHILE_PLAYING')]})
('hà nội còn hàng ở đâu vậy shop', {'entities': [(0, 6, 'LOCATION')]})
('giá máy sony xa1 plus. ở 4b cộng hoà, p. 4, q. tân bình được không ạ. em mua hàng trước ngày 29/11/2018', {'entities': [(8, 21, 'PHONE'), (28, 36, 'LOCATION'), (47, 55, 'LOCATION')]})
('ở sài gòn mặt hàng này còn ko ạ??', {'entities': [(2, 9, 'LOCATION')]})
('cho hỏi, hàng nầy đã sử dụng hay nguyên hộp vậy shop', {'entities': [(18, 28, 'IS_BRAND_NEW_OR_LIKE_NEW')]})
('shop còn hàng không ạ', {'entities': [(5, 19, 'OTHER')]})
('cho mình hỏi sản phẩm này còn hàng không ạ ?', {'entities': [(26, 40, 'OTHER')]})
('trả góp bằng thẻ tín dụng vp bank, thì trả trước bao nhiêu ạ?', {'entities': [(13, 25, 'IS_SUPPORTED_BUYING_THROUGH_CREDIT')]})
('khi nào có hàng v shop', {'entities': [(4, 15, 'OTHER')]})
('khi nào mới có hàng vậy ạ? e muốn mua 1 chiếc xa1 plus nên shop có thể cho e biết chi tiết khi nào có hàng lại không ạ?', {'entities': [(46, 54, 'PHONE')]})
('còn hàng ko vay', {'entities': [(4, 11, 'OTHER')]})
('còn hàng không shop', {'entities': [(4, 14, 'OTHER')]})
('còn hàng ko ạ', {'entities': [(4, 11, 'OTHER')]})
('cho e hỏi hà nội còn hàng k ạ', {'entities': [(10, 16, 'LOCATION')]})
('hcm còn hàng không ad?', {'entities': [(0, 3, 'LOCATION')]})
('xa1 còn màu vàng k ad', {'entities': [(0, 3, 'PHONE'), (12, 16, 'COLOR')]})
('còn hàng mẫu xanh kg', {'entities': [(13, 17, 'COLOR')]})
('khi vực tp.hcm có hàng mới màu đen không vậy ạ', {'entities': [(8, 14, 'LOCATION'), (31, 34, 'COLOR')]})
('khu vực hà nội có hàng chưa shop', {'entities': [(8, 14, 'LOCATION')]})
('hcm còn  hàn  ko ạk', {'entities': [(0, 3, 'LOCATION')]})
('ở trên web ghi địa chỉ 4b cộng hòa ở tphcm có còn hàng ko ạ ?? sao em thấy để còn hàng', {'entities': [(26, 34, 'LOCATION')]})
('còn k shop ơi, còn thì ở địa chỉ nào đang bán shop', {'entities': [(0, 10, 'OTHER')]})
('cho minh hoi da kich hoat la van moi nguyen hay ntn ạ', {'entities': [(13, 25, 'IS_BRAND_NEW_OR_LIKE_NEW')]})
('còn hàng ko shop?', {'entities': [(0, 11, 'OTHER')]})
('còn máy ko ad', {'entities': [(0, 10, 'OTHER')]})
('máy còn màu đen không ạ. e ở hcm', {'entities': [(12, 15, 'COLOR'), (29, 32, 'LOCATION')]})
('còn phiên bản màu khác không ak', {'entities': [(14, 22, 'WHAT_ELSE_COLOR')]})
('chơi đc pubg ko vậy', {'entities': [(8, 12, 'GAME')]})
('con hang ko ad o tren', {'entities': [(0, 11, 'OTHER')]})
('còn hàng tại tphcm k ạ', {'entities': [(13, 18, 'LOCATION')]})
('giạ còn máy này màu đen không ạ tư vấn cho mình với. mình ở hcm. sdt', {'entities': [(20, 23, 'COLOR')]})
('sao mk thấy rẻ hơn ở thế giói di đọng và fpt shop liệu máy có phải chính hãng k ạ', {'entities': [(62, 77, 'WHAT_FROM_TYPE')]})
('hàng còn về ko ạ ??', {'entities': [(5, 14, 'OTHER')]})
('giờ sản phẩm còn về k hay chấm dứt hàng lun rồi ạ e còn biết chờ', {'entities': [(13, 34, 'OTHER')]})
('chừng nào sản phẩm này về lại ạ?', {'entities': [(23, 29, 'OTHER')]})
('còn hàng k shop', {'entities': [(0, 10, 'OTHER')]})
('máy hiện dag ở cửa hàng nào vậy', {'entities': [(15, 27, 'OTHER')]})
('ngoài màu gold còn màu khác không shop', {'entities': [(15, 27, 'WHAT_ELSE_COLOR')]})
('shop đây là máy mới hay là đã qua sử dụng ạ', {'entities': [(16, 26, 'IS_BRAND_NEW_OR_LIKE_NEW')]})
('cho mình hỏi chương trình không nhận quà mà đc giảm tiền kéo dài bao lâu vậy', {'entities': [(57, 72, 'WHEN_END_SALE_OFF')]})
('màu đỏ ở bạch mai còn hàng không ạ? không lấy hàng khuyến mãi vs chuyển về nhà là giá bao nhiêu? có cường lực hay ốp kèm k ạ', {'entities': [(9, 17, 'LOCATION')]})
('không lây quà thi gia may con bao nhiêu vay shop', {'entities': [(0, 13, 'IS_PRICE_AFTER_SALE_OFF_PRICE')]})
('quà không biết có km đến mùng 2/12 không nhỉ', {'entities': [(18, 24, 'WHEN_END_SALE_OFF')]})
('shop cho e hỏi bộ quà tặng gồm những gì ạ?', {'entities': [(15, 26, 'SALE_OFF_GIFF')]})
('shop cho e hỏi k lấy bộ quà 2,2triệu thì giá máy giảm còn bao nhiêu vậy ạ ?', {'entities': [(15, 27, 'IS_PRICE_AFTER_SALE_OFF_PRICE')]})
('cho hỏi không lấy quà có đc trừ tiền không,mình muốn mua trả góp qua hd sài gon thì cần gì', {'entities': [(8, 21, 'IS_PRICE_AFTER_SALE_OFF_PRICE')]})
('mua trả góp qua thẻ thì mỗi tháng bn tiền b?', {'entities': [(0, 11, 'IS_NEEDED')]})
('nova 3 9.490.000 tru tay nghe con bao nhieu ad', {'entities': [(17, 29, 'IS_PRICE_AFTER_SALE_OFF_PRICE')]})
('nếu em ko nhận qùa có đc giảm gía ko ạ', {'entities': [(7, 18, 'IS_PRICE_AFTER_SALE_OFF_PRICE')]})
('còn hàng ở hcm ko ad', {'entities': [(11, 14, 'LOCATION')]})
('nova 3 có màu xanh ko', {'entities': [(0, 6, 'PHONE'), (14, 18, 'COLOR')]})
('hết hàng màu tím rồi phải ko ạ', {'entities': [(13, 16, 'COLOR')]})
('quà 2 triệu trừ quà giá còn bao nhiêu vậy ạ', {'entities': [(12, 27, 'IS_PRICE_AFTER_SALE_OFF_PRICE')]})
('cho t hỏi chương trình khuyến mại tai nghe over-ear jbl t450bt kéo dài đến khi nào.bây h còn được khuyến mại pin dự phòng k', {'entities': [(63, 82, 'WHEN_END_SALE_OFF')]})
('liên hệ giá ko nhận quà nhé', {'entities': [(8, 23, 'IS_PRICE_AFTER_SALE_OFF_PRICE')]})
('hôm trước hỏi nv bảo 8tr790 mà hôm nay lại 8tr990', {'entities': [(10, 20, 'OTHER')]})
('cho mình hỏi nếu không lấy quà thì có được trừ vào sp không', {'entities': [(38, 53, 'IS_PRICE_AFTER_SALE_OFF_PRICE')]})
('nova 3 còn hàng ở cửa hàng nào ạ?', {'entities': [(0, 6, 'PHONE')]})
('khi nào có bản màu đen hay màu vàng vậy shop', {'entities': [(19, 22, 'COLOR')]})
('ko lấy quà tặng thì giá còn bao nhiêu ạ ??', {'entities': [(0, 10, 'IS_PRICE_AFTER_SALE_OFF_PRICE')]})
('quận 7 có hàng nova 3 ko ạ, ra mua trực tiềp vẩn dc kmãi bt fải ko ạ , hàng mới 100% ko ạ ??', {'entities': [(15, 21, 'PHONE'), (0, 6, 'LOCATION')]})
('hiện tại máy đang giảm giá phải ko ạ , có khuyến mãi gì ko , nếu ko lấy quà thì có dc trừ tiền vào giá sản phẩm ko ạ ????', {'entities': [(65, 75, 'IS_PRICE_AFTER_SALE_OFF_PRICE')]})
('máy bắn pubg có mượt ko ạ', {'entities': [(8, 12, 'GAME')]})
('qtv ơi cho mình hỏi nếu như mua tại cửa hàng thì có tặng quà và pmh ko ạ?', {'entities': [(49, 60, 'SALE_OFF_GIFF')]})
('hi shop! cho e hỏi mua trả góp có đc nhận thêm km 1tr và tai phone ko?', {'entities': [(37, 49, 'SALE_OFF_GIFF')]})
('cho em hỏi nếu k nhận quà thì tổng tiền e phải trả là nhiêu v ạ', {'entities': [(15, 25, 'IS_PRICE_AFTER_SALE_OFF_PRICE')]})
('qua 3 trieu co duoc tru thang vao gia san pham khong a', {'entities': [(20, 37, 'IS_PRICE_AFTER_SALE_OFF_PRICE')]})
('cho e hỏi, nếu mua trả góp sp này thì trả trước tối thiểu bao nhiêu ạ, trong 12 tháng thì mỗi tháng bao nhiêu ạ.', {'entities': [(15, 26, 'IS_NEEDED')]})
('cho em hỏi chi phí trả góp hàng tháng sau khi trừ pmh với không lấy quà tặng là bao nhiêu vậy. gói trả góp 0% homecredit', {'entities': [(15, 26, 'IS_NEEDED')]})
('tặng tai nghe với pmh 1 triệu à', {'entities': [(0, 13, 'SALE_OFF_GIFF')]})
('shop ơi. dc tặng phm 1tr rồi cộng thêm tai nghe blt thì dc giảm nữa ko shop', {'entities': [(56, 67, 'SALE_OFF_GIFF')]})
('mua k lấy quà giá bao nhiêu ạ', {'entities': [(4, 13, 'IS_PRICE_AFTER_SALE_OFF_PRICE')]})
('dòng này có thể đặt màu vàng được ko ạ?', {'entities': [(24, 28, 'COLOR')]})
('máy này có chống nước không', {'entities': [(11, 21, 'IS_WATER_PROTECTED')]})
('hi shop, dòng này còn màu đỏ không ạ?', {'entities': [(26, 28, 'COLOR')]})
('cho e hỏi nếu mua online và ko nhận quà thì dc trừ bao nhiêu tiền vào giá sản phẩm ạ', {'entities': [(28, 39, 'IS_PRICE_AFTER_SALE_OFF_PRICE')]})
('hiện tại máy có mấy màu vậy ạ?', {'entities': [(13, 23, 'WHAT_ELSE_COLOR')]})
('trả góp qua thẻ tín dụng thì hồ sơ cần những gì ah? số tiền cần trả trc tối thiểu bn ạ?', {'entities': [(8, 24, 'IS_SUPPORTED_BUYING_THROUGH_CREDIT')]})
('mình muốn mua máy trả góp qua công ty tài chính, tư vấn cho mình khoản trả trước và góp hàng tháng, mình ở hà nội', {'entities': [(107, 113, 'LOCATION'), (10, 25, 'IS_NEEDED')]})
('giá đó đã bao gồm vat chưa ạ?', {'entities': [(14, 21, 'IF_INCLUDE_TAX')]})
('có trả góp 30 phần trăm ko trả góp nhiêu tháng', {'entities': [(0, 10, 'IS_NEEDED')]})
('máy này là đã qua sử dụng chưa vậy?', {'entities': [(11, 30, 'IS_BRAND_NEW_OR_LIKE_NEW')]})
('mình muốn mua iphone x 64gb máy ll/a mới, không biết ở tp.hcm của hang nào còn vậy ad', {'entities': [(14, 22, 'PHONE'), (23, 25, 'ROM'), (32, 36, 'CODE'), (55, 61, 'LOCATION')]})
('đây là máy mới đầy đủ tai nghe cáp sạc k ạ?', {'entities': [(4, 14, 'IS_BRAND_NEW_OR_LIKE_NEW')]})
('khi dang ki nhan bang tin tu cellphone thi mua dien thoai co dc giam 10% k ad?', {'entities': [(43, 68, 'IS_SALE_OFF')]})
('giá tiền này có bao gồm tai nghe không dây chưa ạ', {'entities': [(13, 23, 'IS_PRICE_AFTER_SALE_OFF_PRICE')]})
('ở phan đăng lưu còn hàng không ạ', {'entities': [(2, 15, 'LOCATION')]})
('xin thủ tục trả góp qua công ty tài chính', {'entities': [(4, 19, 'IS_NEEDED')]})
('đây là máy mới tinh à shop.', {'entities': [(7, 21, 'IS_BRAND_NEW_OR_LIKE_NEW')]})
('còn hàng cpo tại q9 hok shop .', {'entities': [(17, 19, 'LOCATION')]})
('hiện tại cellphone q9 coa màu bạc giá 22tr ko shop?', {'entities': [(19, 21, 'LOCATION'), (30, 33, 'COLOR'), (38, 42, 'MONEY')]})
('phiên bản màu bạc ở ngoài hà nội còn chỗ nào có và giá là bao nhiêu vậy shop ?', {'entities': [(26, 32, 'LOCATION')]})
('ở tphcm, cửa hàng nguyễn thị thập còn hàng bản iphone x 64gb màu đen ll/a không ạ? giá cả thế nào shop?', {'entities': [(2, 7, 'LOCATION'), (18, 33, 'LOCATION'), (47, 55, 'PHONE'), (56, 58, 'ROM'), (65, 68, 'COLOR'), (69, 73, 'CODE')]})
('ở hn còn cửa hàng nào có mã ll/a k ạ', {'entities': [(2, 4, 'LOCATION'), (28, 32, 'CODE')]})
('cho mình hỏi bình thạnh có hàng ll/a k ?', {'entities': [(13, 23, 'LOCATION'), (32, 36, 'CODE')]})
('cho mình hỏi iphone x 64gb ở thái hà có hàng ll/a ko nhỉ?', {'entities': [(29, 36, 'LOCATION'), (13, 21, 'PHONE'), (22, 24, 'ROM'), (45, 49, 'CODE')]})
('sản phẩm này còn ở 543 nguyễn trãi, p. thanh xuân nam, q. thanh xuân k ạ', {'entities': [(23, 34, 'LOCATION'), (39, 53, 'LOCATION'), (39, 49, 'LOCATION')]})
('cho mình hỏi trả góp iphone x 64gb thì mình thanh toán trước bao nhiêu % vậy ah', {'entities': [(21, 29, 'PHONE'), (30, 32, 'ROM'), (9, 20, 'IS_NEEDED')]})
('283 hồ tùng mậu - nam từ liêm còn hàng không ạ', {'entities': [(4, 15, 'LOCATION'), (18, 29, 'LOCATION')]})
('trả góp yêu cầu những gì và bn tuổi ?', {'entities': [(8, 24, 'IS_NEEDED')]})
('bao h shop ở thái hà có hàng vậy ad ?', {'entities': [(13, 20, 'LOCATION')]})
('mình có ip 7 plus 128gb, muốn đổi sang iphone x 256gb thì phải bù thêm bao nhiêu nữa?', {'entities': [(8, 17, 'PHONE'), (18, 21, 'ROM'), (8, 10, 'PHONE'), (48, 51, 'ROM')]})
('e muốn mua iphone x trả góp 0% a tư vấn vs ạ', {'entities': [(11, 19, 'PHONE'), (20, 30, 'IS_NEEDED')]})
('cho hỏi hcm còn iphone x mã ll/a bản 64gb màu xám ko ạ. hôm trước mình ghé cửa hàng ở xô quyết nghệ tĩnh có đặt rồi, k biết khi nào có vậy. chủ nhật này có hàng k ạ.', {'entities': [(16, 24, 'PHONE'), (28, 32, 'CODE'), (37, 39, 'ROM'), (46, 49, 'COLOR'), (8, 11, 'LOCATION')]})
('cho hỏi hcm còn iphone x mã ll/a bản 64gb ko ạ', {'entities': [(16, 24, 'PHONE'), (28, 32, 'CODE'), (37, 39, 'ROM'), (8, 11, 'LOCATION')]})
('cho mình hỏi trả góp là phải cần những gì ạ mình đang có khoảng 10tr ạ', {'entities': [(13, 32, 'IS_NEEDED')]})
('máy này trả góp bằng thẻ visa có phải trả trước bn% ko ?', {'entities': [(8, 24, 'IS_SUPPORTED_INSTALLMENT_THROUGH_CREDIT')]})
('máy xách tay thị trường nào ạ', {'entities': [(13, 23, 'LOCATION')]})
('iphone x ll/a sliver 64gb new có ko a', {'entities': [(0, 8, 'PHONE'), (9, 13, 'CODE'), (21, 23, 'ROM')]})
('cho em địa chỉ ở hn với ạ', {'entities': [(17, 19, 'LOCATION')]})
('có máy ll/a sliver 64gb kh ạ nguyen seal', {'entities': [(7, 11, 'CODE'), (12, 18, 'COLOR'), (19, 21, 'ROM')]})
('đây là hàng xách tay mới 100% hay hàng cpo vậy shop?', {'entities': [(12, 42, 'WHAT_FROM_TYPE')]})
('giá tổng cộng bao gồm thuế ở tphcm là bao nhiêu vậy shop?', {'entities': [(14, 26, 'IF_INCLUDE_TAX'), (29, 34, 'LOCATION')]})
('giá có bao gồm thuế vat không bạn ơi', {'entities': [(11, 29, 'IS_INCLUDE_TAX')]})
('mẫu này màu trắng mã ll/a khu vực cầu giấy hiện còn hàng k vậy?', {'entities': [(12, 17, 'COLOR'), (21, 25, 'CODE'), (34, 42, 'LOCATION')]})
('máy bên mình nhập khẩu là có mã gì vậy a.', {'entities': [(29, 38, 'WHAT_CODE')]})
('mình ở long biên hà nội. cửa hàng ở nguyễn văn cừ còn hàng iphone x trắng mã ll k nhỉ', {'entities': [(7, 16, 'LOCATION'), (17, 23, 'LOCATION'), (59, 67, 'PHONE'), (68, 73, 'COLOR')]})
('máy mi 8 pro này có tiếng việt trong máy không ạ,hay là pải đợi 1 thời gian cửa hàng mình mới cài cho tiếng việt à', {'entities': [(4, 12, 'PHONE'), (17, 40, 'IS_VIETNAMESE_INSTALLED')]})
('pin 3000 chơi game đc bao lâu. mọi thứ ok trừ pin ra', {'entities': [(9, 29, 'HOW_LONG_PIN_PLAYING_GAME')]})
('dự kiến bh có hàng vậy shop?', {'entities': [(8, 18, 'OTHER')]})
('có ở chi nhánh âu cơ chưa?', {'entities': [(15, 20, 'LOCATION')]})
('sp mi8 pro này tặng pmh 2.100k có trừ thẳng vào giá ko vậy ad.', {'entities': [(34, 51, 'IS_PRICE_AFTER_SALE_OFF_PRICE')]})
('trả góp 0% dc k ad và cần những gì', {'entities': [(0, 10, 'IS_NEEDED')]})
('trừ tiền quà ra thì bao nhiêu', {'entities': [(0, 12, 'IS_PRICE_AFTER_SALE_OFF_PRICE')]})
('con này có xạc xạc nhanh và chống nước k ạ', {'entities': [(28, 38, 'IS_WATER_PROTECTED')]})
('tôi đang làm việc ở hạ long quảng ninh.muốn trả góp qua thể bidv thì làm thế nào ạ', {'entities': [(28, 38, 'LOCATION'), (39, 51, 'IS_NEEDED')]})
('cho mình hỏi là thẻ master card debit có trả góp dc không ạ :?', {'entities': [(20, 48, 'IS_SUPPORTED_INSTALLMENT_THROUGH_CREDIT')]})
('cho mình hỏi  k lấy quà có trừ tiền trên sản phẩm k', {'entities': [(14, 23, 'IS_PRICE_AFTER_SALE_OFF_PRICE')]})
('giá bao nhiêu vậy ạ', {'entities': [(4, 17, 'OTHER')]})
('có thông tin về hàng mi 8 pro chưa ạ', {'entities': [(0, 12, 'OTHER')]})
('xiaomi mi 8 pro shop có hàng chưa? giáo bao nhiêu?', {'entities': [(0, 15, 'PHONE')]})
('khi nao hang ve bao minh', {'entities': [(8, 15, 'OTHER')]})
('hcm có hàng chưa ad. giá dự kiến bao nhiêu?', {'entities': [(0, 3, 'LOCATION')]})
('khi nao hàng về hanoi báo mazz', {'entities': [(16, 21, 'LOCATION')]})
('ở hn còn hàng k v??', {'entities': [(2, 4, 'LOCATION')]})
('sản phẩm bên mình có hỗ trợ tiếng việt không vậy bạn?', {'entities': [(21, 38, 'IS_VIETNAMESE_INSTALLED')]})
('ad cho em hỏi cửa hàng mình địa chỉ ở đâu trong khu vực hồ chí minh v ạ', {'entities': [(56, 67, 'LOCATION')]})
('ở long an có hổ trợ trả gốp đc ko ad', {'entities': [(2, 9, 'LOCATION'), (13, 27, 'IS_NEEDED')]})
('mình ở thủ đức mình muốn mua màu xanh thì cửa hàng nào còn bạn?', {'entities': [(7, 14, 'LOCATION'), (33, 37, 'COLOR')]})
('có màu vàng ko anh', {'entities': [(7, 11, 'COLOR')]})
('cho em hỏi cửa hàng mình còn sp này màu xanh ko ạ . em ở cầu giấy , hà nội', {'entities': [(68, 74, 'LOCATION'), (40, 44, 'COLOR')]})
('cho em hỏi con này có chống nước không ạ ?', {'entities': [(22, 32, 'IS_WATER_PROTECTED')]})
('cho em hỏi không có quà tặng kèm ạ ?', {'entities': [(20, 32, 'SALE_OFF_GIFF')]})
('em ở nhổn - bắc từ liêm muốn mua sp xiaomi redmi note 6pro bản 64gb màu gold , cho em hỏi giá sp là bn ad tư vấn giùm', {'entities': [(36, 58, 'PHONE'), (63, 65, 'ROM'), (72, 76, 'COLOR'), (12, 23, 'LOCATION')]})
('cho e xin chi nhánh', {'entities': [(6, 19, 'OTHER')]})
('xin chi nhánh', {'entities': [(0, 13, 'OTHER')]})
('dt bày tại shop trả ghóp có lãi không ad', {'entities': [(16, 31, 'IS_NEEDED')]})
('cho mh hỏi hiện tại mua e này có được khuyến mãi gì k ạ?', {'entities': [(38, 53, 'SALE_OFF_GIFF')]})
('co may mau den 64gb o cong hoa k vay shop?', {'entities': [(11, 14, 'COLOR'), (15, 17, 'ROM'), (22, 30, 'LOCATION')]})
('hà nội vẫn chưa có xanh à ad', {'entities': [(19, 23, 'COLOR'), (0, 6, 'LOCATION')]})
('bên mình giảm giá đến khi nào ạ?', {'entities': [(9, 29, 'WHEN_END_SALE_OFF')]})
('ngoài màu đen thì bao giờ có màu khác vậy', {'entities': [(26, 37, 'WHAT_ELSE_COLOR'), (10, 13, 'COLOR')]})
('chi nhánh ở phứơc long b còn hàng k ạ, nếu còn thì khỏang 3,4 ngay nua e có thể ghé xem máy dc k ạ', {'entities': [(12, 24, 'LOCATION')]})
('nhập khẩu chính hãng hay là hàng công ty vậy ad', {'entities': [(10, 40, 'WHAT_FROM_TYPE')]})
('trên địa bàn tỉnh long an thị trấn bến lức có cửa hàng hay chi nhánh nào của cellphones k ạ....', {'entities': [(18, 25, 'LOCATION')]})
('muốn trả góp 0 % thì cần thủ tục hồ sơ như nào ạ....và nếu như thanh toán qua thẻ tín dụng thì e dùng viettinbank được k ạ...nếu như vậy 1 tháng e phải thanh toán là bao nhiêu ạ...mong được phản hồi sớm', {'entities': [(21, 32, 'IS_NEEDED')]})
('ở cellphones quang trung, gò vấp, tpchm có bản 4g/64g màu xanh dương chưa ạ', {'entities': [(13, 24, 'LOCATION'), (47, 48, 'RAM'), (50, 52, 'ROM'), (58, 68, 'COLOR')]})
('khi nào thì bản 64gb mới có trả góp 0% hd saison vậy ạ', {'entities': [(0, 15, 'OTHER')]})
('tra gop bjo trả truoc tầm 1t đc k ạ', {'entities': [(12, 28, 'IS_NEEDED')]})
('đến bao giờ giảm giá kết thúc ạ', {'entities': [(12, 29, 'WHEN_END_SALE_OFF')]})
('giá 5tr100 áp dụng đến bao giờ vậy shop,sản phẩm có hỗ trợ sạc nhanh không ạ', {'entities': [(11, 30, 'WHEN_END_SALE_OFF')]})
('có chi nhánh ở cà mau k ạ', {'entities': [(15, 21, 'LOCATION')]})
('chi nhanh hau giang con hang k', {'entities': [(10, 19, 'LOCATION')]})
('chi nhánh 3/2 hiện có còn hàng k vậy ạ', {'entities': [(0, 13, 'LOCATION')]})
('có trả góp k thông qu ngân hàng bản 64gb k ạ.', {'entities': [(13, 31, 'IS_SUPPORTED_INSTALLMENT_THROUGH_CREDIT'), (36, 38, 'ROM')]})
('ac cho e hỏi e mới mua máy đc nửa tháng. giờ máy có hiện tượng loa ngoài đôi lúc to lúc nhỏ. k ổn định. bg xử lý ntn ạ', {'entities': [(63, 83, 'IS_BROKEN_VOLUME')]})
('hi ad, giá trên là đã bao gồm vat chưa?', {'entities': [(22, 33, 'IF_INCLUDE_TAX')]})
('cho em hỏi khi nào mới có những màu khác', {'entities': [(23, 40, 'WHAT_ELSE_COLOR')]})
('co qua tang gi kem them khong shop', {'entities': [(3, 14, 'SALE_OFF_GIFF')]})
('bên mình còn màu xanh dương ko vậy shop', {'entities': [(17, 27, 'COLOR')]})
('cho mình hỏi đã kích hoạt vậy máy còn mới bao nhiu %', {'entities': [(13, 25, 'IS_BRAND_NEW_OR_LIKE_NEW')]})
('còn hàng không ạ?', {'entities': [(0, 14, 'OTHER')]})
('đã kích hoạt là máy cũ xài rồi phải không', {'entities': [(0, 12, 'IS_BRAND_NEW_OR_LIKE_NEW')]})
('hiện còn máy không ạ', {'entities': [(0, 12, 'OTHER')]})
('còn tính năng kháng nước không ad ơi?????????????????', {'entities': [(14, 24, 'IS_WATER_PROTECTED')]})
('máy này là 2 sim phải không shop', {'entities': [(11, 27, 'HOW_NUMBER_SIM')]})
('e ở nam từ liêm...báo giá dùm e ạ', {'entities': [(4, 15, 'LOCATION')]})
('xz premium đa kích hoạt gia bao nhiêu shop', {'entities': [(11, 23, 'PRICE_OF_OLD_PHONE'), (0, 10, 'PHONE')]})
('mình trả trước 50% và góp 12 tháng thì mỗi tháng phải trả bao nhiêu', {'entities': [(5, 18, 'IS_NEEDED')]})
('e trả trc 40% và góp trong 8 tháng thì mỗi tháng phải trả bnhiêu ạ', {'entities': [(0, 13, 'IS_NEEDED')]})
('không trả trc có đc trả góp không ạ hay bắt buộc phải trả trc 20%', {'entities': [(54, 65, 'IS_NEEDED')]})
('vay may nay da qua su dung chua ?', {'entities': [(12, 26, 'IS_BRAND_NEW_OR_LIKE_NEW')]})
('sản phẩm a8 giảm giá  đến ngày nào vậy shop', {'entities': [(12, 30, 'WHEN_END_SALE_OFF')]})
('a8 màu tím ở gò vấp còn ko ạ?', {'entities': [(0, 2, 'PHONE'), (7, 10, 'COLOR'), (13, 19, 'LOCATION')]})
('cho hỏi máy màu tím vẫn đang giảm giá phải ko shop', {'entities': [(24, 37, 'IS_SALE_OFF'), (16, 19, 'COLOR')]})
('ad cho em hỏi gói trả góp 0% ạ', {'entities': [(18, 28, 'IS_NEEDED')]})
('màu tím vẫn giá 8tr à shop, có sẵn hàng ko ạ', {'entities': [(4, 7, 'COLOR')]})
