sentence;type
Iphone X bản 64gb vàng đốm giờ giá nhiêu vậy?, hả bà xã;hoi_gia
Giảm giá 1tr4 là còn 3tr6 phải không bạn;hoi_gia
Mình muốn mua máy cũ thì không biết giá nhiêu nhỉ, mà có chất lượng không?;hoi_gia
Ở Thái Nguyên giá SS8+ giờ nhiêu;hoi_gia
Mình muốn mua Iphone X hàng nhập khẩu từ Mỹ giá nhiêu;hoi_gia
Bản 64gb mắc hơn 32gb nhiêu;hoi_gia
Giá 22tr2 là tính thuế VAT 10% chưa shop;hoi_gia
Tính thuế nữa là giá nhiêu vậy bạn;hoi_gia
Mua SS9+ có được tặng kèm gì ko shop;hoi_khuyen_mai
Ủa giờ còn giảm giá 1tr không;hoi_khuyen_mai
Mình mua trả góp vậy có được giảm 2tr không;hoi_khuyen_mai
Khi nào hết chương trình giảm giá sốc với đồ tặng kèm cho con này vậy bạn;hoi_khuyen_mai