Hiện tại minh đang dùng 8plus 64g , minh dùng dc 7 tháng muốn lên X thì bù thêm bao nhiêu ạ
Cửa hàng đừơng Quang Trung còn hàng kg. Liên hệ đt
Chào bạn, bên mình sẽ liên hệ với bạn sớm nhất ạ. Thông tin đến bạn!
Chào bạn, mã LL/A là phiên bản thị trường Mỹ ạ. Thông tin đến bạn!
can mua gop 12th - cay 7 .32g -  den nham ban quoc te. tra truoc nhieu shop
Mình muonmua Iphone x màu bạc, liên hệ mình sđt 0935.688879 (Hiện mình đang ở Mỹ Tho) ngày mai về Phú Nhuận tpHCM
Trả góp HSBC được bao nhiêu tháng ha?
Máy này nhập khẩu ở đâu vậy
Bảo hành 12 tháng gồm bảo hàng những gì shop? Lỗi do phía nhà sx có đc 1 đổi 1 ko? Và mình muốn được tư vấn dịch vụ trả góp 0d cho thẻ tín dụng techcombank. Gọi tổng đài thì ko đc tư vấn kêu phải lên tận cửa hàng mới đc tư vấn.
Dạ chào bạn, rất tiếc hiện bên mình chỉ có cửa hàng tại TPHCM và Đà Nẵng bạn nhé !
Bản 256gb màu bạc còn ko shop
Dạ sản phẩm iPhone X 256GB ZP/A Quốc Tế Màu Bạc hiện bên mình vẫn còn hàng ạ. Bạn đang ở khu vực nào để bên mình kiểm tra hàng hóa cửa hàng gần nhất mời bạn ghé tham khảo nhé !
Muốn mua lắm nhưng nghe nói ko có tiếng việt hả shop
cho mình hỏi là còn loại 3g/32gb không ạ
có sẵn tiếng việt k
Hàng chính hãng hay xách tay vậy shop
Dạ chào bạn! đây là sản phẩm xách tay ạ.
dong nay con mau den ko shop?
Chào bạn, hiện tại sản phẩm trên còn màu đen ạ. Thông tin đến bạn!
Cho mình hỏi chi nhánh gò vấp còn hàng không?
Cài rom tiếng việt liền thì mất bao nhiêu ạ
Này là hàng chính hãng DGW hay hàng nhập khẩu ah? Còn màu đen hay đỏ ko ạ?
Xiaomi note 5pro bản màu đen giá 4279000 phải k á.??
Tại sao k bảo hành 12 tháng tại Apple máy mới ra mà shop.
Nếu máy bị lỗi đem đi bảo hành thì didongviet tự sửa bảo hành hay gửi qua hãng apple bảo hành vậy ?
Cho minh hoi hang LL hay Zp vay ad?
Có đổi máy đang xài ko? Ip6 16g
iPhone Xs mã LL/A hay là ZA/A ZP/A ạ
Chào bạn, sản phẩm trên bên mình có bản Mỹ và Sing ạ. Thông tin đến bạn!
này là nguyen seal và quốc tế hả shop
Iphone xs bản 64gb là đã active chưa và bản quốc tế hả shop?
Chào bạn, iPhone Xs mặc định chỉ có 1 sim ạ, iPhone Xr và Xs Max mới có 2 sim bạn nha. Thông tin đến bạn!
Mua trả góp dc k ạ
Xr shop bán là bản mấy sim dạ shop
Shop! E muốn mua trả góp, và trả trước 50% cho bản 64gb màu đỏ. E ở đà nẵng, vậy khi làm thủ tục rồi phải đợi vài ngày mới có máy hả shop?
Chào bạn, trường hợp này bạn ghé chi nhánh Đà Nẵng đặt hàng, khoảng 30 phút sẽ có máy cho bạn ạ. Thông tin đến bạn!
Ở đà nẵng có sẵn hàng không ạ. Nếu chưa có thì khi nào có ạ. Rất mong nhận được phản hồi từ shop
Em muốn đặt mua một chiếc xr 64gb màu orange nha shop. Khi nào có hàng em ghé mua ngay nha shop.
Xr này hàng nào vậy ad? Nó khác gì với bản vn-a vậy ạ
đổi ip7+ 32gb lấy XR64gb 2sim thì bù bao nhiêu?
Cai nay gio co hang o cua  hang k ah
Có hàng mỹ không bạn
Chào bạn, sản phẩm trên có hỗ trợ phiên bản Mỹ ạ,Thông tin đến bạn!
Note 9 sữ dụng mấy sim zay Ad..máy ra mắt được bao lâu rồi .. Cảm ơn Ad
Cho mình hỏi samsung có chương trình giảm 2.5 triệu có áp dụng khi mua ở đây được ko
Note 9 đã có hàng xách tay chưa vậy DĐV
Minh co dien thoai Iphon 6s 64gb va gio muon doi samsung note9 thi phai tra them bao nhieu?
Note 8 mua FPT tháng 5/2018 giờ đổi note9 bù bao nhieu vậy bạn,
Note 9 giá 18.490.000 có áp dụng thu củ đổi mới và trả góp 0% không?
em có note 9 mua ở didongviet giờ em mún thu đổi qua iphone xs max có dc k ạ
Cho hỏi máy được sản xuất tại Việt Nam hay Trung Quốc vậy?
Note 8 mua ở FptShop lên đời note 9 128Gb thì giá được tính như thế nào vậy Shop
A5 2017 co thu vao ko ad. Neu dc tgi tru them vao gia 18.490.000 phai ko
Con s8 plus 128gb này có năn cấp anroi lên được không shop.và thời gian máy bảo hành phần mềm va phần cứng là bao lâu
s8 plus 128gb cửa hành lê hồng phong còn hàng không
Chào bạn, hiện sản phẩm trên vẫn còn hàng tại chi nhánh 609 Lê Hồng Phong, phường 10, quận 10 ạ. Thông tin đến bạn!
Cổng sạc là j vậy ad
Mình ở HD muốn mua s8plut thì mua ở địa chỉ nào
Chào bạn, sản phẩm trên có hỗ trợ nâng cấp lên 2 sim ạ. Thông tin đến bạn!
Ben CH le hong phong con hang khong ban mai minh qua xem
Quận 10 có bản Hàn 128gb ko ạ ?
Có hàng không ad
Cho hỏi bản mỹ với bản hàn giá như nhau à .Bản Hàn 128GB
Bản Hàn 128GB còn hàng k shop?
Mua con này trả góp e đang ở bình dung thì tới đâu
con hanh khong ah
nên mua s8+ hay s8
Dạ chào bạn! theo mình bạn nên mua s8 plus luôn bạn nhé. bạn có thể liên hệ 19002006 nhân viên sẽ tư vấn giúp bạn chi tiết bạn nhé
S7edge 64 hàn đổi s8 bù bao nhiêu ad
Chào bạn, giá trên chưa bao gồm phí nâng cấp lên 2 sim ạ. Thông tin đến bạn!
Ad cho mình hỏi, máy s8 hàn mình mua dc 6 tháng rồi mà giờ bị nứt màn hình, bên mình có thu lại không
Có đủ phụ kiện như tai nghe akg hay sạc nhanh gì ko ạ
Ad Cho e hỏi máy samsung galaxy 28 bản hàn cũ camera sau có xóa phông được ko ak
Sao máy em mua vê mà nhabh ht pin vậy ad
Máy có mấy sim vậy ạ. Mua hàng thì có hộp với phụ kiện không ạ
Like new có có hỗ trợ thu cũ đổi mới ko vậy
Chào bạn, sản phẩm like new vẫn hỗ trợ thu cũ đổi mới ạ. Thông tin đến bạn!
Like new có dc mua trả góp ko shop
Chào bạn, sản phẩm trên bạn có thể đăng kí mua trả góp được ạ. Thông tin đến bạn!
Like new có màu vàng ko shop
Chào bạn, sản phẩm like new có màu vàng ạ. Thông tin đến bạn!
Like new là máy chưa qua sử dụng hả add
Chào bạ, like new là máy đã qua sử dụng, hình thức máy ít trầy xước, ngoại hình còn đẹp gần như mới ạ. Thông tin đến bạn!
Máy này đã sử dụng chưa
like new có hộp là sao vậy
Soc trang co chi nhanh ko a
Chào bạn, sản phẩm trên là phiên bản nhập khẩu ạ. Thông tin đến bạn!
Có thể chụp e xem vỏ hộp đc k ạ?
Chào bạn, rất tiếc bên mình chưa hỗ trợ cung cấp hình ảnh vỏ hộp được ạ. Bạn vui lòng ghé chi nhánh để tham khảo sản phẩm bạn nhé. Thông tin đến bạn!
cho em  hỏi e la  sv chưa  đũ  20 tuoi  có mua  tra  góp  gplx  cmnd  đc  không
May nay 6 pro co choi luen quan lang k z moi ng
hóc môn có không ạ
Cho em hỏi có màu đỏ ko ạ. Với lại em xem thông số có nhiều chỗ ko khớp so với bên tgdđ
Cho minh hỏi sản phẩm này có hổ trợ 4g ko, và chi nhánh ở quận thủ đức còn hàng không ạ
Con này mua trả góp 0% k shop
Chào bạn, hiện tại sản phẩm trên còn hàng tại chi nhánh Gò Vấp ạ. Thông tin đến bạn!
mua ip7plus  cũ có dc tặg phụ kiện không ad
Chào bạn, sản phẩm trên khi bạn mua vẫn có tặng kèm phụ kiện ạ. Thông tin đến bạn!
Chào bạn, bạn có thể ghé chi nhánh 621 Âu Cơ, Tân Phú hoặc 232 Tân Hương, Quận Tân Phú bạn nhé. Thông tin đến bạn!
Cho e thông tin rõ về gói bảo hành rơi vở đi a???e mới mua chưa biết rõ thông tin lắm nhờ ad duyệt hộ!!!!!!
Còn khả năng chống nước không shop?
Pin này sạc đầy Sài khoảng được bao lâu ạ??? Nhờ ad check ạ????
Pin chai còn khoảng bao nhiêu % thì nên thai ạ??
Chào bạn, sản phẩm bạn dùng mức độ pin còn khoảng 80% là bạn nên thay pin mới rồi ạ. Thông tin đến bạn!
Mình có cmnd v gplx minh có dc trả góp iPhone 7 Plus 128gb k đến tháng mình vào điện máy xanh trả tiền trả góp dc k
Ip 7+ Mới mua loa trong nghe nhỏ có được thay miễn phí ko? Nghe cuộc gọi tới chỉ hiểu bên kia nói 2/3 dù tăng max volume. Mở loa ngoài thì bt.
Đổi từ 5s lên 7plus đen bóng tốn bao nhiêu vậy shop
Sản phẩm này có chương trình trả góp không vậy shop. Nếu có, thì trả trước số tiền bao nhiêu vậy.
Màu đỏ XR 128gb là bản mấy sim dạ shop
Chào bạn, sản phẩm trên có cả phiên bản 1 sim và 2 sim bạn nhé. Thông tin đến bạn!
Chào shop, XR màu đỏ 128gb 2 sim giá nhiu ah? Shop nào có hàng ah?
Chào bạn, iPhone XR 128gb 2 sim giá tham khảo 22.779.000đ, hiện sản phẩm chưa có hàng sẵn, bạn ghé chi nhánh đặt hàng khoảng 30p sẽ có hàng cho bạn ạ. Thông tin đến bạn!
Chào bạn, trường hợp này bên mình sẽ liên hệ lại với bạn để hỗ trợ tư vấn cụ thể ạ. Thông tin đến bạn!
Sản phẩm iphone 8 plus 64gb quốc tế củ like new .bảo hành bao nhieu tháng vậy dd việt
Mình ở xa , khi mua chuyển hàng tới có được kiểm tra kỹ trước khi thanh toán tiền không zậy !!!!
Không tets nước nhưng khi sử dụng bị vô nước có được bảo hành Kg?
Vậy h mình mua bên bạn có hỗ trợ trả góp cho mình đc ko
Cho e hỏi sp dc tặng tai phone lun phải k v
Dạ ko test nước vậy làm sao biết còn chống nước hay không shop
ad cho hỏi là điện thoại này lúc shop lấy về có bung máy để kiểm tra ko? Và máy còn khả năng kháng nước hay ko? Có được test khả năng kháng nước hay ko?
Chi hỏi mua trả góp lượt 2 may đc ko vậy
Mau vang gold gia bn v a,  hang xach tay hay chinh hang v a
Sản phẩm Mi 8 SE của Di Động Việt còn loại màu đen chứ?
Mình đặt máy về có được hỗ trợ cài tiếng việt với nguyên hộp, tai nghe, sạc, ốp, giắt cắm 3.0 không shop
Ko có ở chi nhánh Nam Định sao shop
Dạ chào bạn! dạ hiện chỉ có chi  nhánh ở TPHCM và Đà Nẵng ạ. mình có hỗ trợ ship hàng nhé
Bên mình có mi 8 se sản phẩm cũ khoảng 4tr hoặc hơn chút không shop
Ở đà nẵng còn mi 8 se màu vàng k vậy shop?
bên mình còn mi 8 se k ạ
Mình  ở  dalat có cửa  hàng  nào  gần  k? Và còn màu xanh Biển k? Nếu còn thì giá  bao nhiêu vậy shop?
Dạ chào ban!! Dạ chào ban!! XIAOMI MI 8 SE 4GB/64GB - Xám - NewGiá bán: 6.379.000
Có xr 256go chua
Mình muốn mua trả góp thì làm thế nào ah,mình ở nghệ an
Thẻ tín dụng là sao ag,làm hồ sơ ở đâu vậy ad
con mau gi ad?
Còn màu trắng ko ạ
Còn màu gì ad
Da chào bạn, rất tiếc sả phẩm iPhone 8 Plus 64GB LL/A Quốc Tế (Chưa Active) hiện bên mình đang tạm hết hàng bạn nhé !
Cho e hỏi hàng có về tphcm nữa kh ạh nếu có thì khi nào ạh
Cho hoi cua hang co ip 8hang CPO hok. gia bao nhiu vay shop
Chào bạn, iPhone 8 CPO bên mình tạm hết hàng ạ. Thông tin đến bạn!
Vay khi nao co hang CPO vay shop
Chào bạn, hiện mình chưa có thông tin thời gian về hàng CPO ạ. Thông tin đến bạn!
Chào bạn, hiện tại sản phẩm iPhone 8 chi nhánh 97 Võ Văn Ngân còn hàng ạ. Sản phẩm nguyên bản, chưa qua sửa chữa, tuy nhiên do sản phẩm là máy đã qua sử dụng nên theo thời gian tính năng chống nước có thể hoạt động không còn tốt như ban đầu. Thông tin đến bạn!
Chào bạn, sản phẩm trên hiện vẫn còn tại chi nhánh 97 Võ Văn Ngân, Thủ Đức ạ!. Thông tin đến bạn!
còn đủ màu ko ạ
Dạ chào bạn, sản phẩm trên tại chi nhánh 97 Võ Văn Ngân, Thủ Đức còn màu Gold ạ. Thông tin đến bạn!
Chào bạn, bạn vui lòng để lại số điện thoại có thể liên hệ hoặc liên hệ lại với mình qua số điện thoại 19002006 để hỗ trợ đặt hàng bạn nhé. Thông tin đến bạn!
Có được tặng gì khi mua máy cũ ko ạ
Cho e hỏi là máy đc tặng tai nghe j ạ, có chuẩn của iphone 8 ko ạ?
Mình có mua note8 dc 2 tuan . nay mình muốn đổi điện thoại khác dc ko ?
Chào bạn, trường hợp bạn đã mua máy được 2 tuần, bạn đổi trả sản phẩm sẽ tính phí bạn nhé. Thông tin đến bạn!
Chào bạn, sản phẩm trên là hàng chính hãng Apple ạ. Thông tin đến  bạn!
May moi nguyen sai hay may cu vay
Ở xa mua dc ko shop
19 tuổi  có trả gop qua thẻ tech đc ko ạ
Mua note 9/512g theo Ct giảm giá 7tr+ thu củ đổi mới iphone 6s64g mà toi đang ở TP Cần Thơ có mua được note 9/512g ko qtv?
Chào bạn, để thu cũ đổi mới bạn cần ghé chi nhánh bên mình mới hỗ trợ được bạn nhé. Thông tin đến bạn!
Note9 bản hàn có hỗ trợ 2 sim chưa shop
ở trà vinh xa quá. bắt  buộc đến tại shop mới nâng cấp được hả ad
Mình muốn mua góp note 9 8/512. Thủ tục ntn vậy .
Mình đang dùng note fe chính hãng thì bù bn bản note 9 512gb ạ?
Cho mình hỏi sao trả góp homevcredi 0% mà vẫn phát sinh hơn 3tr tiền lời là ntn shop
Dạ chào bạn! bạn sử dụng thẻ tin dụng hay sao. bạn có thể liên hệ đến hotline để nhân viên tư vấn bạn tốt hơn không ạ
Bản này  có Samsung pay kg?
Mình hồi trước có mua con note 8 ở di dộng việt giờ mình muốn lên note9 8/512 gb theo trương trình thu cũ đổi mới thì mình phải bù thêm bao nhiêu
bản này có 1 sim 0 vậy
Tôi mới mua oppo find x giá 21tr trong shops Viettel mới sử dụng được 4 ngày . Tôi thấy quảng cáo  galaxy note 9 quá tuyệt. Tôi muốn oppo find x trao đổi note 9 bù tiền được ko?
Shop ơi nếu không lấy quà tặng có còn được trừ tiền ko shop
Mình k lấy quà tặng có đc trừ tiền k ạ
Ko lay vòg đeo tay co trừ tien ko?
e mua iphone 7plus bản 32gb bên mình đc 1 tháng. h e muốn đổi lên X thì cần bù bao nhiêu tiền
Tôi có mua máy note 8 bản mỷ ở didongviet nay muon ban lai ,điongviet co ho tro thu may lai khong
iphonx x 64gb bạc 99% còn mã LL/A ở HCM k shop?
Cho mình hỏi sản phẩm có fullbox không vậy?
Để là trả góp lãi suất 0% mà sao góp xong lại chênh lệch với giá bán mấy triệu vậy?
Dạ chào bạn! dạ bạn trả góp bằng thẻ tín dụng trả góp 0% nhưng có phí chuyển đổi ạ.
Phí chuyển đổi lên đến 3-4 triệu àk.  Vậy gần bằng với giá fpt hay thegioididong luôn rồi,  nếu vậy ra đó mua có phải an tâm hơn nhiều ko.
Dạ chào bạn!  phí chuyển đổi tùy thuộc vào số tháng và ngân hàng bạn chọn ạ. và hiện bên mình có hỗ trợ giảm 30% giá gói bảo hành rơi vở nữa ạ.
0987 715 379 xin được tư vấn
7plus thu lại giá cao nhất nếu được là bao nhiêu ad
Dạ chào bạn! tùy theo tình trạng sản phẩm nhé . bạn dành ít thời gian đến cửa hàng để nhân viên hỗ trợ kiểm tra báo giá chính xác nhé
Cho mình hỏi ip6 16g quốc tế có đổi bù tiền được không shop ?
Co cua hang nao o q8 ko ban
Còn màu hồng ở Tp HCM ko ad?
Shop có bản 32gb k ạ
Dạ chào bạn! Sản phẩm này bên mình tạm hết ạ, bạn vui lòng tham khảo sản phẩm khác nhé
Shop mở cửa từ máy h đến mấy h vậy. nguyen thi thap Q7 á
Di động Việt vui lòng cho mình hỏi máy like new ở mức 99% hay dưới 90% ạ.?
Máy còn zin hết phải ko ad
Sao gọi đặt hàng ko được ở xa sao lên shop mua được
Chào bạn, bạn có thể đặt hàng tại website, điền đầy đủ thông tin, sẽ có nhân viên liên hệ với bạn ạ. Thông tin đến bạn!
Mình mua hàng từ xa ko được hỗ trợ trả góp hả shop
Chào bạn, để làm hồ sơ trả góp bạn cần ghé chi nhánh mới hỗ trợ được ạ. Thông tin đến bạn!
Máy còn không shop
Cái này là sách tay hay chính hang  vậy ak
sản phẩm có tiếng anh không hay chỉ tiếng trung shop? Mình xài tiếng anh cũng được chỉ ngại tiếng trung
Xiaomi mi 8 này co hàng cũ không shop
Mình flash rom thì máy có nhận được cập nhật ota bình thường như máy chính hãng ko ạ.
Là hàng global hay hàng nội địa trung vậy ạ
Có thâu lại máy cũ Xiaomi redmi note 5 để lên đời không shop ơi
Shop ơi. Trả góp từ bao nhiêu tuổi trở lên vậy và máy có tiếng việt k ạ.
Chào bạn, để tham gia trả góp bạn cần trên 20 tuổi bạn nhé, sản phẩm Xiaomi Mi 8 (6GB|64GB) sau khi bạn mua máy từ 30-60 ngày sẽ có tiếng Việt ạ. Thông tin đến bạn!
mình mua mi 8 được 1 tháng bây giờ còn cài tiếng việt được không shop . vì mình đọc trên mạng là điện thoại xách tay không cho cài tiếng việt nữa
Đặt hàng online thì cần chuyển khoản trước bao nhiêu ạ
Bh mới có hàng hả shop
Shop con uphone 8 mau đo ko shop
con hang kh ad
Khoảng bao lâu bên mình có lại ip8+ 64 đỏ bản quốc tế vậy bạn?
Ip 8plus red 64Gb nguyên seal bản quốc tế giá nhiêu shop ơi?
cho hoi iphone 8 plup . neu tra gop 12 thag la tra bao nhieu . ban tin giup minh voi nhe . minh dua truoc la bao nhieu vay . ban tin giup minh nhe
cho hoi iphone 8 plup màu đỏ máy mới hay hàng qua sử dung roi ạ
Minh mua tra gop qua the sacombank.Ban tinh phi giup minh.minh tra 6 thang
Con iphone 8plus64gb mau do k
iPhone 8plus 256g còn màu Gold  LL Ko shop
Chào bạn, sản phẩm trên màu vàng gold tạm hết ạ. Thông tin đến bạn!
Có bảo hành ko shop
có những màu nào về sản phẩm này ạ
Cho em hỏi iphone 8 plus bên mình còn những màu gì ạ
máy có sẵn ở cửa hàng không hay phải đặt hàng ạ
Muốn đổi Iphone 8  64G đã xài roi, hàng chuan quoc tế thành Iphone 8 plus 256.bù bao nhieu? Có gop không?
Sai thử 7 ngày miễn phí với điều kiện là sao ad
Cho e hỏi trả góp trong vòng 2 tháng đc không ạ ??
Sao mình thấy để giá 6.890.000 ở ngoài mà click vào coi thì giá lại lên 7.690.000 là sao vậy shop, hiện bên mình đang áp dụng giá nào ạ
Dạ chào bạn! SAMSUNG GALAXY A7 (2018) SM-A750GN/DS (CTY) - Gold - NewGiá bán: 7.690.000  Bạn tham khảo nhé
Góp được bảo nhiêu tháng+moi tháng đóng bao nhiêu
Cho minh hoi Samsung A7 mau xanh ben minh khi nao co hang ạ?
Đến cửa hàng mua có đc tặng quà như đã ghi hk ạ
Chào bạn, bạn ghé cửa hàng mua hàng vẫn được những khuyến mãi trên ạ. Thông tin đến bạn!
Cho tôi hỏi chừng nào hàng về vậy Shop, tôi đặt cọc tại CH rồi mà mấy ngày vẫn chưa thấy báo có hàng.
cho mình hỏi nếu không đặt trước thì sẽ không có quà tặng phải không ạ
Có tặng vali du lịch không shop?
Lien he tu van giup toi 0949734708
K lấy quà cos đc trừ tien k shop?  Neu trừ là bn?
Cho em hỏi này là máy LL/A phải không ạk
Dạ chào bạn! dạ hiện sản phẩm bên mình nhập đó nhiều bản xách tay. bạn vui lòng  đến cửa hàng tham khảo nhé
Được test nước k ad?
Cho e hỏi e có con X lock Nhật 256GB gray likenew muốn lên cùng màu cùng dung lượng máy qte bù nhiêu ạ
Minh mun doi 7plus 128g mau bac len lun x mas
Ủa cho mình hỏi con này còn hàng ở quang trung ko vậy shop
Mình muốn đổi con Iphone X 64 Gb quốc tế LA like new full box lấy con này thì ntn bạn !!? Bù bao nhiêu !?
Ad oi hang nay con tot ko va co khuyen mai gi ko ad
Dạ chào ban!! sản phẩm này có hình thức 99% nguyên zin  nhé. hiện chưa có chương trình thu củ đổi mới ạ .
The tín dụng fecedit tra gop dc không
minh dang xai ip5s 16g len doi ip7 cu dc ko
may nay còn hàng k v
Cho mình hỏi nâng cấp gói bảo hành 1 đổi 1 trong 12 tháng thì sẽ được bảo hành những gì ạ?
mình mua máy lock ip 6 64g có thu lại k? mun doi em nay qua
Mua muốn mua trả góp iphone 7 plus 32 g.  chỉ có CMND với GPLX được không ạ
like new là mới bao nhiêu %, bảo hành mấy tháng?
Mình muốn mua iPhone 7plus 32g Minh trả trước 50phan trăm và đóng 8thang được ko vậy shop mong phản hồi từ Shop
Chào bạn, làm hồ sơ trả góp bạn có thể trả trước từ 50% giá trị sản phẩm, có thể chọn góp 6, 9 hoặc 12 tháng bạn nhé. Thông tin đến bạn!
Có bảo hành chính hãng không vậy?
bạn gọi lại tư vấn giúp mình nha 0937224374
Dạ bên mình sẽ liên hệ lại với bạn sớm nhất ạ
SHop cho e hỏi , e mua trả góp mà chỉ có cmnd và hộ khẩu hông thì có đc chấp nhận hông c
Đổi iPhone 6s plus lấy iPhone 7 plus đc kh ạ ( IPhone 6s Plus cũng mua ở shop )
mua may co test chong nuoc ko
Like new là hàng j ạ. Máy qua sửa chữa hay qua sử dụng ch ạ. Quốc tế này dùng đc sim vina ko vậy ad
Trả góp là lấy chứng minh với giấy phép lái xe làm thủ tục thôi  . có giữ lại giấy tờ nào không
Em có máy sam sung nót 5 muốn đổi sang A8 thì các thêm bao nhiêu vậy
Chào bạn, bên mình sẽ liên hệ với bạn để tư vấn cụ thể hơn ạ. Thông tin đến bạn!
Ss galaxy a8 đầu tháng 5 còn hàng k ak.mk trả góp thì phiếu km 1tr vẫn dk hưởng ưu đãi k ạ.
Dạ chào bạn, sản phẩm Samsung Galaxy A8 (2018) CTY hiện bên mình vẫn còn hàng bạn nhé. Chương trình khuyến mãi Tặng phiếu mua hàng (tiền mặt) trị giá 1.000.000đ vẫn được áp dụng khi bạn tham gia mua trả góp ạ !
a8 2018 tra gop cua cong ty tai chinh nao vay
Trên CH có samsung A8 củ ko ak
Chào bạn, A8/A8 plus bên mình hiện chỉ có máy new chính hãng cty full box thôi ạ, chưa có máy cũ bạn nha.
Co bao hanh chinh hang samsung k vay shop
Dạ chào bạn, sản phẩm Samsung Galaxy A8 (2018) CTY bảo hành 12 tháng chính hãng bạn nhé !
Hết hag lun ui hak sop!zx khi nao co hàg lại ak...khi nao co ll e dk ko?con phiêu mua hag do chj ap dug mỗi lền mua 150k thui hak?nếu lan mua tiêp theo e ko mua san fâm j?chi dug phiêu mua hag mua zs số tiên của fiếu dó thui dk ko
E mun bjk tat ca khuyên mai cua a8!tăg fiếu mua hag 2tr tiên mặt...con phiếu mua hàg 1.5 triêu nưa la sao sopmog fản hồi sớm de e mua...
Phiêu mua hàg 2trieu tiên mặt...con phiêu mua hàg 1.5 triêu nữa la sao shop....pên mjh co hag chua.. mau tím
Dạ chào bạn, rất tiếc sản phẩm Samsung Galaxy A8 (2018) CTY bên mình đang tạm hết hàng ạ, Ngoài ra đối với khuyến mãi Tặng phiếu mua hàng trị giá 1.5 triệu. Dành cho tất cả các khách hàng mua sắm tại Di Động Việt. Phiếu áp dụng cho điện thoại, tablet, macbook có trị giá từ 2 triệu đồng trở lên. Cách thức sử dụng chia làm 10 lần. Mỗi lần được sử dụng 150.000 đồng (áp dụng bắt đầu từ lần mua hàng tiếp theo) bạn nhé !
Có đặt hàng online ko bạn?
Chào bạn, có hỗ trợ đặt hàng online đó ạ, bạn liên hệ 1900 2006 để được hỗ trợ chuyển khoản đặt cọc, sau khi có hàng bên mình sẽ giao cho bạn ạ.
Dạ cho e hs khi mua note 8 hàn thì mik fai tống bn tiền nữa để nâng cấp từ 1 sim lên 2 sim ak
Chào bạn, sản phẩm Samsung bạn mua tại Di Động Việt thì được hỗ trợ nâng cấp lên 2 sim miễn phí bạn nhé. Thông tin đến bạn!
Chào bạn, Samsung note 8 bản hàn mặc định 1 sim, có thể nâng cấp lên thành 2 sim, nếu máy bạn mua tại Di Động Việt thì được nâng cấp miễn phí lên 2 sim . Mức giá trên website bạn đang tham khảo là mức giá chính xác ạ. Thông tin đến bạn!
Có nghĩa là đổi ngang S8 plus để lấy Note 8 về dùng ak bạn. Mà là like new dùng rồi thì máy móc có đảm bảo ko?
Mình có S7 egde mua của di đọng việt. Bjo nâng cấp lên s8 này thì bù bai nhiêu vậy bạn
Chào bạn, bên mình sẽ liên hệ với bạn để tư vấn cụ thể ạ. Thông tin đến bạn!
Hàng S8 sách tay bên shop có thu không vậy.
Chào bạn, bên mình có hỗ trợ thu lại để bạn đổi sang sản phẩm cao hơn ạ. thông tin đến bạn!
Chào shop. Mình có s8 plus bị bể kính thì bù bao nhiêu ạ ?
Chào bạn, rất tiếc với trường hợp sản phẩm bị bể kính/mặt lưng, hư hại bên mình chưa hỗ trợ thu lại ạ
Chào shop máy còn chống nước không? Mình có S8 sử dụng bình thường thì đổi bù sao?
M muốn đổi note 5 lên thủ tục ntn
Bản hàn 2sim hay 1sim vậy
Cho mình hỏi mình đang xài con huawei GR52017 giờ muốn đổi con note8 có được không,máy đã hết bảo hành
Dạ em là sinh viên mới 18 tuổi e muốn mua trả góp em chỉ có những giấy tờ như sau là cmnd thẻ sinh viên hộ khẩu photo công chứng giấy khai sinh thôi không biết như thế em có đủ điều kiện để trả góp không ạ
Sản phẩm này còn hàng ở chi nhánh Tân Hương k vậy Ad?
Dạ Di Động Việt xin cảm ơn bạn, hy vọng sẽ tiếp tục được phục vụ bạn trong thời gian tới ạ !
Sao pubg k choi dc vay ad
Chào bạn, sản phẩm trên hỗ trợ chơi PUBG Mobile bình thường, bạn kiểm tra lại các cài đặt hoặc mang sản phẩm ra cửa hàng để được hỗ trợ tốt nhất. Thông tin đến bạn!
K có chi nhánh ngoài bắc ak a?
Chi nhánh võ văn ngân còn hàng ko vậy
Trả góp thế nào anh, em còn sinh viên và ở tỉnh thành
Máy này là mới 100% hay đã qa sử dụng rồi ạ
ở đong tháp mua trã gop s8 plus này thi lại đâu shop
Chào bạn, để tham gia trả góp bạn cần ghé chi nhánh để làm hồ sơ ạ. Thông tin đến bạn!
Lây online đk kiểm tra số không bạn . Sp có hay bị lỗi ko ban
Sp này còn hàng ko shop.  Ship về bình phước mất bao lâu ạ.  Sp có bảo hành chống nước ko ạ
Có hỗ trợ giao hàng toàn quốc không shop
sp này ở sg còn ko ad
Điện thoại có bao nhiêu sim ạ
hang co o chi nhanh nao the ban
Máy này đã đc sử dụng chưa vậy shop
Hàng này có phải hàng chính hãng không ạ
Bên mình có hỗ trợ nâng cấp 2 sim không ạ. Em cần hỗ trợ thêm về chính sách trả góp ạ
Tôi có bản s7 edge muốn thay s8 plus hàn được không.  Bù thêm bao nhiêu tiền
Chào bạn, trường hợp này bên mình sẽ liên hệ với bạn để tư vấn cụ thể ạ. thông tin đến bạn
Cho e hỏi samsung s8+ hiện tại mạng nhanh nhất là lte e muốn nâng lên 4g đc k.
Cho hỏi bản s8 plus 64g hàn mấy sim vậy shop
cho minh hoi minh co mua ben đó cây s8+ ban han 1sim gio muon nang len 2 sim thì tốn thêm bao nhieu nữa thanks shop
iphone 6s plus bản sách tay đổi sang còn này thì phải các thêm bnhieu tiền vậy ad
Chào bạn, bên mình sẽ liên hệ lại với bạn để tư vấn cụ thể hơn ạ. Thông tin đến bạn!
Con s8+ G955u khác vs con s8+ G955 ở chổ nào shop
còn bản màu xanh ko ạ
Máy này có dùng được thẻ nhớ ko ạ
Cho e hỏi những phiên bản khác nhau như vậy thì có thể cập nhật lên những phiên bản android mới nhất ko ạ
có màu đỏ bản trung quốc ko ad
Máy này lúc mình xem là 11tr6 vậy nếu đặt mua shop có ship về tiền giang ko? Và phí ship là bao nhiu.
Chào bạn, sản phẩm trên bên mình có hỗ trợ giao hàng tận nơi miễn phí vận chuyển, bạn liên hệ 19002006 nhân viên hỗ trợ bạn hình thức giao hàng tận nơi ạ!
Mình có máy iPhone 7plus mua tại didongviet hoang văn thụ vào tháng 4/2018 không biết cửa hàng mình có thu máy cũ lại ko để mình lên em Samsung này
Iphone 7 plus bạn bán lại bn. Giá ổn thì mình mua
cho hỏi S9 Plus cũ này còn chống nước ko? và mua máy samsung cũ tại didongviet sau này lỡ muốn đổi máy khác thì có hỗ trợ thu lại ko?
Bản Mỹ này vẫn có chức năng quay video siêu chậm phải không shop, dùng máy này sử dụng tiếng anh à?
Ddviet cho mình hỏi Samsung Galaxy S6 Edge 32GB (Bản Nhật) còn hàng hong AK. Giá bao nhiêu AK. Địa chỉ nào còn hàng AK. Và có phải mua thêm gói bảo hành gì hog AK.
Tâm phú con không shop
máy này q7 còn kg . máy loại nào &amp; % vậy shop
Dạ chào bạn! SAMSUNG GALAXY S6 EDGE (BẢN NHẬT) 64GB - Trắng - UsedGiá bán: 4.279.000 còn sản phẩm tại 145 Nguyễn Thị Thập , P. Tân Phú , Q.7 , TP.HCM nhé.
bên mình còn hàng s6 edge k ạ
Ở quận 7 có shop nào còn hàng ko bạn
Máy này còn hàng ớt chi nhánh quang trung ko ạ
Samsung Galaxy S6 Edge 32GB còn hàng không bạn?
Chao ban s6 con hang ko
Con hàng kh ak
Còn hàng k
Máy lock mìh k lắp sim có dùg bìh thườg dc k
Mình muốn lên đời 6s+ len 7 32g lock my bù bao nhieu
Giờ còn máy k shop
ĐT có chày rướt gì ko a
Dạ chào ban!! ,dạ hiện sản phẩm bạn tham khảo tạm hết hàng , bạn vui lòng tham khảo sản phẩm khác nhé
Máy Lock Mỹ có tắt âm khi chụp hình được ko ạ?
Chào bạn, sản phẩm bản Mỹ có thể tắt âm khi chụp ảnh ạ. Thông tin đến bạn!
Cho hỏi mua iphone 7 Lock trả trước 0đ có đc ko vậy shop ?
Chào bạn, hiện tại sản phẩm iPhone 7 lock bên mình tạm hết hàng, bạn tham khảo sản phẩm iPhone khác, hiện tại đang có hỗ trợ trả góp trả trước 0đ đó ạ. Thông tin đến bạn!
hiện cửa hàng có 7 plus 32G mà den nhám không vậy, giá bao nhiêu
Còn hàng ip7 32g lock màu đen nhám Alo mình
Cho e hỏi cái này con hàng k ak
Shop cho mình hỏi : có cửa hàng ở Hà Nội không vậy ?
Chào bạn, hiện bên mình chưa có chi nhánh tại Hà Nội ạ. Thông tin đến bạn!
ko có thẻ ngân hàng mua trả góp 0% đc ko
Samsung s9 xách tay có cài được app samsung pay ko ad
Hàng này có fullbox không ạ, mình mua vài chiếc làm quà tặng
Có những màu nào vậy ad? Và có đc chọn màu theo yêu cầu ko hay random ạ?
Dạ cho e hỏi s9+ bản Mỹ, Hàn, Việt Nam khác nhau ntn? Giá cả chênh lệch ra sao ạ, rất mong phản hồi
Cho mình hỏi con s9 plus bản Mỹ này full box nguyên seal hay sao ạ? Và nếu có những bản android mới thì dc cập nhật ko ạ? Và cho e hỏi 1 câu nữa là bản Mỹ này khác bản Hàn và bản cty như thế nào ạ? Cám ơn ad
Vậy s9 plus phiên bản mỹ còn những hàng nào ạ?
Quốc tế khác những bản còn lại sao ạ?
Máy này là máy mới 100% full box hả ad?
Chi nhánh khu vực Đà Nẵng còn hàng không vậy shop
có s9 plus mỹ mới 100/100.không
Mình mới mua galaxy s9+ được 1 tuần mình muốn đổi mẫu máy khác thì có được không ad
Cho hỏi các chi nhánh này đều là của didongviet đúng kh ạ?
Mình ngoài hn mình cũng muốn mua vậy ngoài hn có cửa hàng ko?
máy này có màu đỏ ko ạ ? chi nhánh nào còn màu đỏ ạ ?
cho mình hỏi máy màu hồng còn ở những chi nhánh nào ạ ?
Có ở cần thơ hog ad
Chào bạn, sản phẩm iPhone 7 Plus 256GB LL/A Quốc Tế (Like New) là máy đã qua sử dụng nhưng vẫn còn nguyên bản, chưa qua sửa chữa. Khi bạn mua sản phẩm trên có tặng phụ kiện cáp sạc, tai nghe. Có hỗ trợ góp 0% lãi suất qua thẻ tín dụng. Thông tin đến bạn!
Khi mua có kèm que chọc sim ko ạ
Chào bạn, khi mua sản phẩm  trên có tặng kèm que chọc sim ạ. Thông tin đến bạn
Xiaomi S2 co tieng Viet ko shop
Chào bạn, sản phẩm redmi s2 sau khi bạn mua máy từ 30-60 ngày sẽ có tiếng Việt ạ. Thông tin đến bạn!
Có màu đen ko vậy..?
Xiaomi redmi s2 64g đây là hàng chính hãng hay hàng xách tay vậy.
Dạ chào bạn! mình cảm ơn thông tin của bạn .  mình sẽ sửa lại thông tin này ạ.
Tại sao bộ nhớ khả dụng còn lại có khoảng 28G ???
Ủa.. cho e hỏi shop là 128G sao lại là đen nhám ạ.. phải là đen jetbak gì chứ ạ...
ip7 128G có hàng lại chưa Ad?
128g đen nhám khi nào có hàg ở gvap v ạ?
có bảo hành ko bạn ơi
toi muon mua iphone7 128g gia bao nhieu chinhxax gop the nao
Đây là phiên bản 1 sim hay 2 sim vậy shop
Chào bạn, sản phẩm trên là phiên bản 1 sim ạ. Thông tin đến bạn!
J8 này là hàng CT hay hàng xách tay vây ad bão hành hãng hay bão hành shop vậy
J8 này bản QT hay xách tay bạn ơi?
Cho mình hỏi bên mình có đổi Note3 ko?
Có hỗ trợ đổi cũ lấy mới không ạ
Cho mình hỏi đt samsung j8 của sao mình cài vân tay rồi mà n nhận rồi mà còn phải nhập thêm mật khẩu nữa . Mong được phản hồi
Chào bạn, trong 1 số trường hợp như bạn restart lại máy, thì lần mở máy đầu tiên máy yêu cầu phải nhập mật khẩu, các lần sau đó mới hỗ trợ vân tay. Thông tin đến bạn!
cho mình hỏi đà nẵng có ko
J8 bên này còn hàng ko shop
Thủ Đức còn hàng ko vậy
Còn hàng k ad?
Có sẵn tiếng viet ko vậy
hàng công ty hay hàng xách tay  vậy ddv
Dạ chào ban!! dạ đây là sản phẩm xách tay bạn nhé
có cách nào cắt màn hình đi còn 5.99 inches không vậy?
Máy có hỗ trợ sạc nhanh ko shop?
Hiện máy có hàng chưa ? Và có hỗ trợ trả góp 0% qua Home credit ko shop?
Mình muốn mua màu bạc nếu ko lấy sạc dự phòng thì có đc trừ 399k ko
Trả lời ko liên quan gì hết thế ad
Máy này có được áp dụng chương trình trả góp 0% bằng thẻ tín dụng qua payoo không ad. Ngoài ra, có phí gì không?
Máy này là mã LL/A hay sao zậy shop
Nếu muốn mua hàng online thì sao? Khi giao tận nơi mới nhận tiền hay sao? Khi giao hàng còn nguyên seal, nguyên kiện ko?
Dạ chào bạn, bạn ở xa muốn mua sản phẩm này, vui lòng chuyển khoản trước cho bên mình 50% giá trị máy, khi nhận được tiền bên mình sẽ chuyển hàng cho bạn ạ, bạn nhận hàng thanh toán nốt phần còn lại. Sản phẩm này bên mình là nguyên seal ạ. Bạn liên hệ 19002006 để các bạn tư vấn mình kĩ hơn cách thức chuyển khoản và nhận hàng ạ!
Hãng còn máy mã LL ko?
San pham nay con hang o chi nhanh Tan Huong ko Ad?
Cái này là bản có cài sẵn tiếng việt chưa
máy có được mua trả góp 0% không shop ?
Mình muốn đổi samsung s7 edge hàn 64gb màu vàng mua ở shop qua poco này thì bù bao nhiêu tiền. Trả góp 6 tháng thì bao nhiêu 1 tháng
Mình mua vs giá ở trên thì còn khuyến mãi gì k v shop
19t trả góp đc ko ạ
Chào bạn, trả góp bạn cần trên 20 tuổi mới hỗ trợ bạn nhé. Thông tin đến bạn!
Còn hàng ko shop
Mới mua dc 1 tuần, lỗi camera nha các chế, đến kỹ thuật bảo 15-20 ngày sau lấy, cầm về luôn, kỹ thuật của Di động việt Hoàng Văn Thụ
Bạn Nam ko hiểu quy trình bảo hành của hãng mà bày đặt (đi đường thẳng nhanh hơn nhé), trong câu văn viết trên của alybaba ko có từ nào nói đi động việt chịu BH hết nhé.
Sản phẩm này có áp dụng chương trình thu máy cũ đổi máy mới không ạ? Hiện tại mình đang xài con Xiaomi Redmi Note 4. Nếu có thì mình có thể đổi ở cửa hàng nào tại khu vực quận Tân Bình hoặc Tân Phú, Tp HCM không?
Khi mua máy “không phải bản chính hãng VN/A” có còn seal full box ko vậy ad hay đã bóc seal 99%...
Sao tới 3 giá khác nhau cho 1 loại vậy ah? Ko hiểu lắm
mình đang dùng ip 8 plus 64GB, hình thức máy gần như mới, giờ mình muốn mua ip XS Max 256 gold thì cần bù tối đa bao nhiêu vậy shop
iphone x mã VN/A 64gb lấy iphone x max 64gb bù bao nhiêu
E muốn đổi ip 7+ 128g đen nhám lấy xmax 256g thì bù bao nhiêu vậy anh
E muốn đổi IPhone X 64gb thì bù thêm bnhieu tiền ạ
Chào bạn, nhân viên sẽ liên hệ với bạn để tư vấn cụ thể hơn ạ. Thông tin đến bạn!
177 Nguyễn Văn Linh. Đà Nẵng. Có sẵn hàng xs max 256 bản LL/A màu vàng gold không vậy?
Cửa hang có sẳn bản xs max 256g LL màu đen khong
Bên mình đổi máy có hỗ trợ trả góp phần còn lại k ạ
Nguyên seal ko shop
Nguyên hộp chưa bóc tem ạ
Về bình thuận khoảng bao lâu có ship ko
Giao hàng đến miền Bắc mất tầm mấy ngày
Chào bạn, giao hàng đi xa sẽ mấy khoảng 3-7 ngày bạn nhé. Thông tin đến bạn!
Phụ kiện kèm theo gồm những gì vậy ạ?
E muốn mua note 8 màu xanh ở chi nhánh nguyễn thị thập thì khi nào có hàng ạ
phụ kiên là nhà sx luôn hả bạn, đủ hết cáp sạc tai nghe, đầu bút, đầu chuyển mirco luôn hả ad
Chế độ bảo hành máy sao ạ? Với lại shop có thể nêu sự khác biệt giữa bản Mỹ và hàng chính hãng được không ạ?
Note 8 giờ còn hàng không vậy?mình ở tp.HCM mình tới cửa hàng nào có hàng sẵn vậy?
Còn bản xs max 512 gb 2 sim nano không bạn ?  Giá bao nhiêu
Dạ chào bạn! APPLE IPHONE XS MAX 512GB (2 SIM) - Gold - NewGiá bán: 36.979.000 Bạn tham khảo nhé
Trả góp bằng thẻ visa là thế nào vậy shop? Mỗi tháng phải đóng bao nhiêu tiền cho 1 sản phẩm giá 30 triệu?
Mua trả góp hết đc ko
Chào bạn, sản phẩm trên bạn có thể làm trả góp hoặc mua trả thẳng đều được ạ. Thông tin đến bạn!
Hàng xách tay hả??
Chào bạn, sản phẩm trên là máy nhập khẩu trực tiếp từ các thị trường Mỹ, Singapore, Hong Kong ạ. Thông tin đến bạn!
Cho mình hỏi xuất xứ sp từ đâu vậy shop?
Cho anh hỏi anh mua con iphone xs max 256gb 2 sim vật lý màu gold anh muốn đổi lên con 512gb 2 sim vật lý được không
Chào bạn, trường hợp này nếu máy bạn mua bên mình thì bạn có thể đổi lên sản phẩm dung lượng cao hơn,tuy nhiên bên mình sẽ tính phí đổi trả bạn nhé. Thông tin đến bạn!
2 xim hang LLa hay hang zaa vây
Dạ chào bạn! dạ 2 sim nano là sản phẩm singapore nhé. bản LL/A là 1 sim nano 1 Esim ạ
Máy này có 2 sim o? Có những màu gì? Giá bao nhiêu?
Bạn ơi ở Hà Nội có cơ sở nào không ạ?
Cửa hàng 367 QuangcTrung còn hàng kg, iPhone xs màu bạc , 256 g liền hệ sọ đt 0985656577 Thành
Minh đổi ip 7 plus 128 lên ip xs max , thì phần còn lại trả góp qua fe hay home credit duoc ko shop
Máy này kích hoạt chưa shop?
Mình có thẻ tín dụng HSBC. Mình muốn trả trước 20 triệu còn lại trả góp trong 6 tháng có được không ad?
Bảo hành 1 đổi 1 áp dụng cho lỗi phần cứng hả shop? Iphone x max 64GB của shop là hàng của nước nào? Bảo đảm chưa Active chứ?
Trả góp qua thẻ tín dụng thì như thế nào shop?
Trả góp thẻ master ở Đồng Tháp được ko
Co xsmax 64gb 1sim ban LLA khong shop
E có ip 6plus 64gb muốn đổi lên xs max 64gb hai sim bù bao nhiu ? Có trả gop k? Trả trước thấp nhất bao nhiêu ạ
Mình mới mua 7 32g ll/a A bên shop khoảng 2 thangs trước 7tr9 giờ muốn đổi qua con 8 này thì bù thêm bao nhiêu nưa shop!
Dòng này chưa active và nguyên seal hộp hả shop , sau khi kích hoạt có được 12 tháng bảo hành của apple không ?
Ship cod có dc kiểm tra hàng trước khi thanh toán ko
Máy này  có bảo hành  quốc tế  không  a/c cám ơn
bản 3G này là hàng chính hãng DGW hay xách tay vậy ad?
Mình mới đặt mua bằng hình thức trả góp qua thẻ tín dụng, thanh toán xong hết rồi giờ sao? Không thấy didongviet phản hồi gì, đặt hàng cũng ko thấy yêu cầu ghi địa chỉ vậy cty giao hàng kiểu gì? Gọi tổng đài toàn báo bận, hic. Trong sáng nay em cần gấp cái điện thoại này.
phụ kiện bao gồm những gì shop
Cho hỏi bản quốc tế có sẵn tiếng việt luôn đúng k ạ.
Dạ chào bạn! dạ đúng rồi ạ . sản phẩm Quốc Tế có sẵn tiếng việt nhé .
Xin cho hỏi có tặng quà gì ko vậy, trên tiki giá dt 6t25n tặng tai nghe nhỏ, tặng ốp lưng tặng kính cường lực, mình cũng đang tính mua còn phân vân
Dạ chào bạn! dạ hiện chưa có chương trình khuyến mãi cho sản phẩm này ạ.
Nếu mình dùng tiếng Anh thì mua về có cài google store đc liền không bạn
Máy này phải bản quốc tế không nhỉ
Ram 6g pin 3k1 sn710 chơi asphal9 vs mấy game nặng tốt k nhỉ pin xài dc bao lâu với mấy loại game như thế ạ shop
Cho mình hỏi bản 6g màu xám  còn hàng ở cửa hàng nào vậy shop
Có hàng k shop
Của hàng có hỗ trợ cài rom việt k ạ?
Cho em hỏi, đang có thông tin trả góp k trả trước, vậy nếu ngay bây giờ em mua thì tháng sao mới bắt đầu trả góp tháng đầu 20℅ hay sao ạ
chào bạn, với các sản phẩm của android bạn vui lòng trả trước 30% nhé. số tiền còn lại bạn trả góp trong 6 9 12 tháng tùy bạn chọn ạ. thông tin đến bạn
Em gần cửa hàng 621 Âu Cơ, nếu em mún mua ngay mà cửa hàng không còn máy thì sao ạ
Chào bạn, bên mình có hỗ trợ chuyển máy về chi nhánh gần tiện bạn ghé xem máy ạ, bạn có thể liên hệ 19002006 nhân viên hỗ trợ xác nhận và chuyển máy về chi nhánh gần bạn ạ. Thông tin đến bạn!
Minh mun mua may theo goi tro gia tra gop k tra truoc thi pai lam the nao...va den dau de coi may ak
Hix mới mua ngày 2/9 giá 7,79tr giờ sau 3 ngày còn 7,29tr mà không có màu đỏ nữa haizzzzz
chào bạn , hiện chưa có sản phẩm màu đỏ ạ . khi nào có sản phẩm màu đỏ mình sẽ lein6 hệ lại ạ.  thông tin đến bạn ạ!
Vậy khi đổi sang màu đỏ có phải bù thêm tiền không
Nó mấy sim z shop
muốn đổi máy củ sang máy mới như thế nào shop ?
Dạ chào bạn! dạ bên mình hỗ trợ thu sản phẩm từ iphone 5s đổi đến iphone xs max ạ
Máy còn nguyên seal hộp ko shop.
Mình có ipx, tình trạng máy bình thường, muốn đổi sang XS MAX 256 gb bù khoảng bao nhiêu vậy?
Dạ chào bạn !  Bạn vui lòng để lại thông tin liên hệ, nhân viên tư vấn của shop sẽ liên hệ ngay với bạn ạ!
Minh có iphone X hàng fpt được bảo hành 2 năm . Hình thức như mới . Còn hộp nhưng không còn sạc và tai nghe. Mình muốn đổi lên ip sx max 2 sim thì phải bù khoảng bao nhiêu
Ip8 64Gb mới còn BH đổi Xmax 256Gb thì thế nào shop
Mua máy này đổi từ Ip8 Plus thì hình thức thế nào bạn ơi?
Mình muốn đổi ip7 plus 128gb sang xs max? M ở nghệ an. Cần tư vấn
Còn hàng không shop ơi
Bây giờ có hàng chưa chị
SHOP ƠI XIAOMI 5 PLUS 64GB CÒN KHÔNG Ạ
Bạn ơi mua giao hàng về bgiang có sẵn tviet ko hay Phải ra hnoi cài
Co hang ko
Chào bạn, redmi 5 plus hiện tại bên mình chỉ còn bản 3gb/32gb ạ, bản 4gb tạm thời hết hàng. Thông tin đến bạn!
E mua trả góp xaomi 5plus thì hàng tháng trả bao nhiêu vậy
Chi nhánh âu cơ còn màu đen hok adm
mua online khi kích hoạt có sẵn rom tiếng việt k ạ?
Bên bạn Còn hàng ko?
Chào bạn, XIAOMI REDMI 5 PLUS 4GB/64GB còn màu đen và màu vàng, bạn tham khảo màu nào ad tư vấn cụ thể ạ .
Còn hàng k bạn
con hang ko vay
Giá bán co thay đổi khi mua kh shop hay vẫn 3tr379 kh vây
còn hàng không vậy ad
Cho mình hỏi máy chạy iOS mấy vậy? Mình đang cần tìm bản chạy iOS 10 hoặc iOS 11
Còn máy ở quận 7 hk ạ
Mua Máy có kèm sạc, tai nghe ko ạ
Còn iphone se ko shop ở giò vấp
Có iPhone s e mới chưa qua sử dụng ko ban
Chào bạn, iPhone SE mới hiện bên mình không còn hàng ạ. Thông tin đến bạn!
Cho hỏi bản chính hãng việt nam phải không mibhf cần bản của việt nam
Mình muốn mua trả góp 0% theo chính sách dành cho chủ thẻ tín dụng VPBank. Nhờ di động tư vấn giúp, xin cảm ơn
Chào bạn, sản phẩm trên là phiên bản xách tay ạ. Thông tin đến bạn!
e ở tỉnh lẻ mà ở đây không có cửa hàng của di động việt muốn cài rom tiếng việt thì làm ntnn ạ
E muốn mua trả góp ở tphcm có chỗ nào còn hàng để đến tận nơi làm thủ tục k ạ
anh ơi mà có cài đặc tiếng việt ko z a
Mình muốn cài tiếng việt thì tới đâu ạ
Mình mua bằng thẻ master card standard charter được ko shop
có thể cài tiếng việt tr ko ạ
May co the chup hinh xoa phong duoc ko
Mua Xiaomi Remid 6 pro ở cửa hàng đợi khoảng 1 tháng  Cài rom tiếng việt phải đem lên cửa hàng à ad
Mình ở xa mình muốn mua trả góp từ xa có đc ko shop ơi
Của hàng minh bán không cos tai nghe hả bạn.
Chào bạn, sản phẩm đã qua sử dụng không đi kèm tai nghe ạ. Thông tin đến bạn!
Note 8 mỹ báo giá chính xác i shop
Chào bạn, mức giá trên website bạn tham khảo là mức giá chính xác đó ạ. Lưu ý: giá sẽ thay đổi theo màu máy ạ.Thông tin đến bạn!
Note fe bi vỡ  màn hình có đổi dc ko
Chào bạn, trường hợp sản phẩm bị rơi vỡ màn hình rất tiếc bên mình chưa hỗ trợ thu đổi ạ. Thông tin đến bạn!
Chào bạn, sản phẩm trên là máy likenew nên không có hộp bạn nha, bạn có thể tham khảo máy mới fullbox ạ. thông tin đến bạn
có chống nước ko shop
Chào bạn, sản phẩm trên có tính năng chống nước IP68 ạ. Thông tin đến bạn!
Didongviet có cửa hàng ở t/p Nha Trang không?
S8 mỹ đổi note 8 mỹ đc ko ạ. Bù thêm bn shop
Cái này là máy nguyên seal phải không ?? Hàng nhập khẩu từ đâu ??
Chào bạn,sản phẩm trên là máy mới 100%, nguyên seal, sản phẩm nhập khẩu thị trường Singapore, Mỹ ạ. Thông tin đến bạn!
Em dùng iphone 8plus muốn đổi sang Xs max thì phải bù bao nhiêu ạ
cho em hỏi với ạ. nếu e mua ip xs max trả góp qua thẻ visa có trả góp 0% lãi suất ko ạ.
Mình xài ip6s plus 64gb gold rose muốn đổi sang Xs Max 64gb gold thì bù nhiu?
Dạ chào bạn! hiện bạn tham khảo bản nước nào ạ. bạn có thể liên hệ 19002006 để nhân viên hỗ trợ tư vấn giúp bạn đặt mua sản phẩm nhé
Mình đang sài iphone x 256gb mã LL/A còn bảo hành đến hết 1/2019 (người nhà xách tay về không có phụ kiện) muốn đổi iphone xs max 64gb thì bù bao nhiêu?
Dạ chào bạn! bạn vui lòng liên hệ 19002006 nhân vien hỗ trợ tư vấn hoặc bạn đến cửa hàng nhân viên hỗ trợ kiểm tra báo giá thu đổi chính xác nhất nhé
Dạ chào bạn! bạn tham khảo bản nào ạ.
cho hỏi,mình có ip7plus 32gb mua tgdd.giờ mình muốn đổi qua iphone xsmax.thì bù bao nhiêu vậy bạn
ip 8 plus 64GB còn bảo hành 1/2019 đổi sang xs-max 64GB bù bn ad
Dạ chào bạn! bạn vui lòng đem máy đến chi nhánh cửa hàng nhân viên kỹ thuật hỗ trợ kiểm tra tình trạng sản phẩm và báo giá thu đổi bạn chính xác nhé
Shop có thu máy cũ bù tiền mua máy mới không ạ ? iPhone 8 Plus 64GB .
bản s8 xách tay active có phải bản quốc tế k vậy ad?
Chào bạn, sản phẩm trên là máy phiên bản Mỹ ạ. Thông tin đến bạn!
Mình ko thấy ghi chính sách bảo hành e này nhỉ?
Chào bạn, sản phẩm Bảo hành dùng thử 7 ngày miễn phí, không thích đổi sản phẩm khác, 1 đổi 1 trong 33 ngày với lỗi do nhà sản xuất, bảo hành mặc định 6 tháng, góc bên phải có ghi rõ. Bạn có thể tham khảo thêm chính sách bảo hành tại https://didongviet.vn/chinh-sach-bao-hanh.Thông tin đến bạn!
chi nhánh đà nẵng còn hàng ko shop
san pham nay con hang ko shop
Trả góp từ xa thì thủ tục thế nào add nhỉ?
con này có hỗ trợ sạc nhanh không ad
Máy nay hư thì sửa được k vs có pin để thay k
Em đang ở Hàn Quốc nếu mua có thể gửi sang được không ah?
Máy Xiaomi 6 pro vs Xiaomi note 6 pro thì còn nào chạy pubg mượt hơn ạ.
Chào bạn, sản phẩm xiaomi Redmi note 6 pro cho khả năng chơi game tốt hơn so với Redmi 6 pro ạ. Thông tin đến bạn!
Máy cũ hay moi vay shop
Chào bạn, sản phẩm trên là máy mới 100% ạ. Thông tin đến bạn!
Cai rom tiêng viet minh cài cách nào
Chào bạn, ROM tiếng Việt bạn mang sản phẩm ra cửa hàng kĩ thuật hỗ trợ bạn cài nhé. Thông tin đến bạn!
Ở tp giao hàng trong ngay k
Khu vuc bình tân
Hàng này chính hãng hả ad
Hàng xách tay sóng đt khi về các tỉnh có yếu không vậy , mình từng mua maya cái dt xách tay về các tỉnh thì sóng rất yêu chỉ có 1-2 cột
E có dặt hàng rồi sao vẫn chưa có thông tin gì ạ
Cái này có tính tiền ship ko chị
Giá này khuyến mãi đến ngày nào vậy? Nếu k lấy km thì giá phải trả là bao nhiu? Và bảo hành hãng samsung hay taj cty v shop?
Gia ban chinh thuc cua A7 128g la bao nhiu vay ak
Dạ chào bạn! đó là giá trị sản phẩm tặng kèm bạn nhé , nếu bạn không lấy quà giảm 700.000 VND bạn nhé
Máy moi hay cu vay ad
Đà Nẵng có hàng không bạn
Nếu đúng 7.690tr có sạc dự phòng 10_000mah+ tai nghe bluetooth đúng như km đã có ở trên thì mình cũng mua luôn 1 cái màu xanh
Xin hỏi tại sao các gói km đã có ở trên lại bảo là đã giảm giá ? Nếu giá niêm yết là 7.690000 ko có km thì yêu cầu xóa các mục hiển thị mà ko có km . mà cũng xin hỏi có sạc nhanh ko shop?
M moi mua cai a7 hom qua sao k co qua tang gi het z a
A7 2018 bản 6G/128G với giá KM 7690k có đc nhận bộ quà tặng 1 triệu k ad?
